obs_id,session,trip_direction,bus_company,scenario_id,policy,signal_pattern,traffic_condition,crowding_level,stop_sequence,stop_key,stop_label,coordinates,stop_kind,arrived_at_stop_time,dwell_at_stop_s,departed_stop_time,leg_travel_before_stop_s,stop_timeline_source
1,Morning Session,wm_to_rb,San Agustin,B_informal_only,informal_only,G-G,Light,Medium,0,waltermart,Waltermart Dasmariñas (formal bus stop),"14.324939, 120.940955",terminal_formal,06:02:00,32.0,06:02:31,0.0,schedule_aligned_to_uxsim_e2e
1,Morning Session,wm_to_rb,San Agustin,B_informal_only,informal_only,G-G,Light,Medium,1,rcbc,RCBC Bank (informal),"14.322737, 120.941631",informal,06:03:06,36.2,06:03:42,35.5,schedule_aligned_to_uxsim_e2e
1,Morning Session,wm_to_rb,San Agustin,B_informal_only,informal_only,G-G,Light,Medium,2,waltermart_int,Waltermart Dasmariñas Intersection Signal,"14.322364, 120.941649",signal,06:03:50,83.2,06:05:13,8.5,schedule_aligned_to_uxsim_e2e
1,Morning Session,wm_to_rb,San Agustin,B_informal_only,informal_only,G-G,Light,Medium,3,pala_pala,Pala-Pala Intersection Signal,"14.302125, 120.954055",signal,06:09:11,83.2,06:10:34,238.4,schedule_aligned_to_uxsim_e2e
1,Morning Session,wm_to_rb,San Agustin,B_informal_only,informal_only,G-G,Light,Medium,4,robinsons,Robinson Place Dasmariñas (formal bus stop),"14.300037, 120.954412",terminal_formal,06:11:05,39.1,06:11:44,31.6,schedule_aligned_to_uxsim_e2e
1,Morning Session,wm_to_rb,San Agustin,B_informal_only,informal_only,G-R,Light,Medium,0,waltermart,Waltermart Dasmariñas (formal bus stop),"14.324939, 120.940955",terminal_formal,06:02:00,32.0,06:02:31,0.0,schedule_aligned_to_uxsim_e2e
1,Morning Session,wm_to_rb,San Agustin,B_informal_only,informal_only,G-R,Light,Medium,1,rcbc,RCBC Bank (informal),"14.322737, 120.941631",informal,06:03:06,36.2,06:03:42,35.5,schedule_aligned_to_uxsim_e2e
1,Morning Session,wm_to_rb,San Agustin,B_informal_only,informal_only,G-R,Light,Medium,2,waltermart_int,Waltermart Dasmariñas Intersection Signal,"14.322364, 120.941649",signal,06:03:50,83.2,06:05:13,8.5,schedule_aligned_to_uxsim_e2e
1,Morning Session,wm_to_rb,San Agustin,B_informal_only,informal_only,G-R,Light,Medium,3,pala_pala,Pala-Pala Intersection Signal,"14.302125, 120.954055",signal,06:09:11,180.0,06:12:11,238.4,schedule_aligned_to_uxsim_e2e
1,Morning Session,wm_to_rb,San Agustin,B_informal_only,informal_only,G-R,Light,Medium,4,robinsons,Robinson Place Dasmariñas (formal bus stop),"14.300037, 120.954412",terminal_formal,06:12:42,39.1,06:13:21,31.6,schedule_aligned_to_uxsim_e2e
1,Morning Session,wm_to_rb,San Agustin,B_informal_only,informal_only,R-G,Light,Medium,0,waltermart,Waltermart Dasmariñas (formal bus stop),"14.324939, 120.940955",terminal_formal,06:02:00,17.6,06:02:17,0.0,schedule_aligned_to_uxsim_e2e
1,Morning Session,wm_to_rb,San Agustin,B_informal_only,informal_only,R-G,Light,Medium,1,rcbc,RCBC Bank (informal),"14.322737, 120.941631",informal,06:02:52,19.9,06:03:11,35.5,schedule_aligned_to_uxsim_e2e
1,Morning Session,wm_to_rb,San Agustin,B_informal_only,informal_only,R-G,Light,Medium,2,waltermart_int,Waltermart Dasmariñas Intersection Signal,"14.322364, 120.941649",signal,06:03:19,60.0,06:04:19,8.5,schedule_aligned_to_uxsim_e2e
1,Morning Session,wm_to_rb,San Agustin,B_informal_only,informal_only,R-G,Light,Medium,3,pala_pala,Pala-Pala Intersection Signal,"14.302125, 120.954055",signal,06:08:17,83.2,06:09:40,238.4,schedule_aligned_to_uxsim_e2e
1,Morning Session,wm_to_rb,San Agustin,B_informal_only,informal_only,R-G,Light,Medium,4,robinsons,Robinson Place Dasmariñas (formal bus stop),"14.300037, 120.954412",terminal_formal,06:10:11,21.5,06:10:32,31.6,schedule_aligned_to_uxsim_e2e
1,Morning Session,wm_to_rb,San Agustin,B_informal_only,informal_only,R-R,Light,Medium,0,waltermart,Waltermart Dasmariñas (formal bus stop),"14.324939, 120.940955",terminal_formal,06:02:00,31.9,06:02:31,0.0,schedule_aligned_to_uxsim_e2e
1,Morning Session,wm_to_rb,San Agustin,B_informal_only,informal_only,R-R,Light,Medium,1,rcbc,RCBC Bank (informal),"14.322737, 120.941631",informal,06:03:06,36.1,06:03:42,35.5,schedule_aligned_to_uxsim_e2e
1,Morning Session,wm_to_rb,San Agustin,B_informal_only,informal_only,R-R,Light,Medium,2,waltermart_int,Waltermart Dasmariñas Intersection Signal,"14.322364, 120.941649",signal,06:03:50,60.0,06:04:50,8.5,schedule_aligned_to_uxsim_e2e
1,Morning Session,wm_to_rb,San Agustin,B_informal_only,informal_only,R-R,Light,Medium,3,pala_pala,Pala-Pala Intersection Signal,"14.302125, 120.954055",signal,06:08:48,180.0,06:11:48,238.4,schedule_aligned_to_uxsim_e2e
1,Morning Session,wm_to_rb,San Agustin,B_informal_only,informal_only,R-R,Light,Medium,4,robinsons,Robinson Place Dasmariñas (formal bus stop),"14.300037, 120.954412",terminal_formal,06:12:19,39.1,06:12:58,31.6,schedule_aligned_to_uxsim_e2e
2,Lunch,rb_to_wm,San Agustin,B_informal_only,informal_only,G-G,Moderate,Low,0,korean_grocery,Informal stop (Korean grocery),"14.300720, 120.954320",informal,12:18:00,33.0,12:18:33,0.0,schedule_aligned_to_uxsim_e2e
2,Lunch,rb_to_wm,San Agustin,B_informal_only,informal_only,G-G,Moderate,Low,1,pala_pala,Pala-Pala Intersection Signal,"14.302125, 120.954055",signal,12:18:51,105.8,12:20:36,18.5,schedule_aligned_to_uxsim_e2e
2,Lunch,rb_to_wm,San Agustin,B_informal_only,informal_only,G-G,Moderate,Low,2,seven_eleven,7-Eleven Pala Pala (informal),"14.301972, 120.954139",informal,12:20:44,23.1,12:21:07,8.4,schedule_aligned_to_uxsim_e2e
2,Lunch,rb_to_wm,San Agustin,B_informal_only,informal_only,G-G,Moderate,Low,3,waltermart_int,Waltermart Dasmariñas Intersection Signal,"14.322364, 120.941649",signal,12:26:51,105.8,12:28:36,344.9,schedule_aligned_to_uxsim_e2e
2,Lunch,rb_to_wm,San Agustin,B_informal_only,informal_only,G-G,Moderate,Low,4,rcbc,RCBC Bank (informal),"14.322737, 120.941631",informal,12:28:44,23.1,12:29:07,8.4,schedule_aligned_to_uxsim_e2e
2,Lunch,rb_to_wm,San Agustin,B_informal_only,informal_only,G-G,Moderate,Low,5,waltermart,Waltermart Dasmariñas (formal bus stop),"14.324939, 120.940955",terminal_formal,12:29:42,33.0,12:30:15,35.4,schedule_aligned_to_uxsim_e2e
2,Lunch,rb_to_wm,San Agustin,B_informal_only,informal_only,G-R,Moderate,Low,0,korean_grocery,Informal stop (Korean grocery),"14.300720, 120.954320",informal,12:18:00,18.2,12:18:18,0.0,schedule_aligned_to_uxsim_e2e
2,Lunch,rb_to_wm,San Agustin,B_informal_only,informal_only,G-R,Moderate,Low,1,pala_pala,Pala-Pala Intersection Signal,"14.302125, 120.954055",signal,12:18:36,105.8,12:20:21,18.5,schedule_aligned_to_uxsim_e2e
2,Lunch,rb_to_wm,San Agustin,B_informal_only,informal_only,G-R,Moderate,Low,2,seven_eleven,7-Eleven Pala Pala (informal),"14.301972, 120.954139",informal,12:20:29,12.7,12:20:41,8.4,schedule_aligned_to_uxsim_e2e
2,Lunch,rb_to_wm,San Agustin,B_informal_only,informal_only,G-R,Moderate,Low,3,waltermart_int,Waltermart Dasmariñas Intersection Signal,"14.322364, 120.941649",signal,12:26:25,74.8,12:27:39,344.9,schedule_aligned_to_uxsim_e2e
2,Lunch,rb_to_wm,San Agustin,B_informal_only,informal_only,G-R,Moderate,Low,4,rcbc,RCBC Bank (informal),"14.322737, 120.941631",informal,12:27:47,12.7,12:27:59,8.4,schedule_aligned_to_uxsim_e2e
2,Lunch,rb_to_wm,San Agustin,B_informal_only,informal_only,G-R,Moderate,Low,5,waltermart,Waltermart Dasmariñas (formal bus stop),"14.324939, 120.940955",terminal_formal,12:28:34,18.2,12:28:52,35.4,schedule_aligned_to_uxsim_e2e
2,Lunch,rb_to_wm,San Agustin,B_informal_only,informal_only,R-G,Moderate,Low,0,korean_grocery,Informal stop (Korean grocery),"14.300720, 120.954320",informal,12:18:00,33.0,12:18:33,0.0,schedule_aligned_to_uxsim_e2e
2,Lunch,rb_to_wm,San Agustin,B_informal_only,informal_only,R-G,Moderate,Low,1,pala_pala,Pala-Pala Intersection Signal,"14.302125, 120.954055",signal,12:18:51,199.8,12:22:10,18.5,schedule_aligned_to_uxsim_e2e
2,Lunch,rb_to_wm,San Agustin,B_informal_only,informal_only,R-G,Moderate,Low,2,seven_eleven,7-Eleven Pala Pala (informal),"14.301972, 120.954139",informal,12:22:18,23.1,12:22:41,8.4,schedule_aligned_to_uxsim_e2e
2,Lunch,rb_to_wm,San Agustin,B_informal_only,informal_only,R-G,Moderate,Low,3,waltermart_int,Waltermart Dasmariñas Intersection Signal,"14.322364, 120.941649",signal,12:28:25,105.8,12:30:10,344.9,schedule_aligned_to_uxsim_e2e
2,Lunch,rb_to_wm,San Agustin,B_informal_only,informal_only,R-G,Moderate,Low,4,rcbc,RCBC Bank (informal),"14.322737, 120.941631",informal,12:30:18,23.1,12:30:41,8.4,schedule_aligned_to_uxsim_e2e
2,Lunch,rb_to_wm,San Agustin,B_informal_only,informal_only,R-G,Moderate,Low,5,waltermart,Waltermart Dasmariñas (formal bus stop),"14.324939, 120.940955",terminal_formal,12:31:16,33.0,12:31:49,35.4,schedule_aligned_to_uxsim_e2e
2,Lunch,rb_to_wm,San Agustin,B_informal_only,informal_only,R-R,Moderate,Low,0,korean_grocery,Informal stop (Korean grocery),"14.300720, 120.954320",informal,12:18:00,33.0,12:18:33,0.0,schedule_aligned_to_uxsim_e2e
2,Lunch,rb_to_wm,San Agustin,B_informal_only,informal_only,R-R,Moderate,Low,1,pala_pala,Pala-Pala Intersection Signal,"14.302125, 120.954055",signal,12:18:51,199.8,12:22:10,18.5,schedule_aligned_to_uxsim_e2e
2,Lunch,rb_to_wm,San Agustin,B_informal_only,informal_only,R-R,Moderate,Low,2,seven_eleven,7-Eleven Pala Pala (informal),"14.301972, 120.954139",informal,12:22:18,23.1,12:22:41,8.4,schedule_aligned_to_uxsim_e2e
2,Lunch,rb_to_wm,San Agustin,B_informal_only,informal_only,R-R,Moderate,Low,3,waltermart_int,Waltermart Dasmariñas Intersection Signal,"14.322364, 120.941649",signal,12:28:25,74.8,12:29:39,344.9,schedule_aligned_to_uxsim_e2e
2,Lunch,rb_to_wm,San Agustin,B_informal_only,informal_only,R-R,Moderate,Low,4,rcbc,RCBC Bank (informal),"14.322737, 120.941631",informal,12:29:47,23.1,12:30:10,8.4,schedule_aligned_to_uxsim_e2e
2,Lunch,rb_to_wm,San Agustin,B_informal_only,informal_only,R-R,Moderate,Low,5,waltermart,Waltermart Dasmariñas (formal bus stop),"14.324939, 120.940955",terminal_formal,12:30:45,33.0,12:31:18,35.4,schedule_aligned_to_uxsim_e2e
3,Afternoon Session,rb_to_wm,San Agustin,B_informal_only,informal_only,G-G,Heavy,Medium,0,korean_grocery,Informal stop (Korean grocery),"14.300720, 120.954320",informal,16:22:00,9.6,16:22:09,0.0,schedule_aligned_to_uxsim_e2e
3,Afternoon Session,rb_to_wm,San Agustin,B_informal_only,informal_only,G-G,Heavy,Medium,1,pala_pala,Pala-Pala Intersection Signal,"14.302125, 120.954055",signal,16:22:27,330.3,16:27:57,18.7,schedule_aligned_to_uxsim_e2e
3,Afternoon Session,rb_to_wm,San Agustin,B_informal_only,informal_only,G-G,Heavy,Medium,2,seven_eleven,7-Eleven Pala Pala (informal),"14.301972, 120.954139",informal,16:28:05,193.6,16:31:18,8.5,schedule_aligned_to_uxsim_e2e
3,Afternoon Session,rb_to_wm,San Agustin,B_informal_only,informal_only,G-G,Heavy,Medium,3,waltermart_int,Waltermart Dasmariñas Intersection Signal,"14.322364, 120.941649",signal,16:37:06,330.3,16:42:36,348.5,schedule_aligned_to_uxsim_e2e
3,Afternoon Session,rb_to_wm,San Agustin,B_informal_only,informal_only,G-G,Heavy,Medium,4,rcbc,RCBC Bank (informal),"14.322737, 120.941631",informal,16:42:44,193.6,16:45:57,8.5,schedule_aligned_to_uxsim_e2e
3,Afternoon Session,rb_to_wm,San Agustin,B_informal_only,informal_only,G-G,Heavy,Medium,5,waltermart,Waltermart Dasmariñas (formal bus stop),"14.324939, 120.940955",terminal_formal,16:46:32,193.6,16:49:45,35.8,schedule_aligned_to_uxsim_e2e
3,Afternoon Session,rb_to_wm,San Agustin,B_informal_only,informal_only,G-R,Heavy,Medium,0,korean_grocery,Informal stop (Korean grocery),"14.300720, 120.954320",informal,16:22:00,12.4,16:22:12,0.0,schedule_aligned_to_uxsim_e2e
3,Afternoon Session,rb_to_wm,San Agustin,B_informal_only,informal_only,G-R,Heavy,Medium,1,pala_pala,Pala-Pala Intersection Signal,"14.302125, 120.954055",signal,16:22:30,330.3,16:28:00,18.7,schedule_aligned_to_uxsim_e2e
3,Afternoon Session,rb_to_wm,San Agustin,B_informal_only,informal_only,G-R,Heavy,Medium,2,seven_eleven,7-Eleven Pala Pala (informal),"14.301972, 120.954139",informal,16:28:08,250.1,16:32:18,8.5,schedule_aligned_to_uxsim_e2e
3,Afternoon Session,rb_to_wm,San Agustin,B_informal_only,informal_only,G-R,Heavy,Medium,3,waltermart_int,Waltermart Dasmariñas Intersection Signal,"14.322364, 120.941649",signal,16:38:06,157.8,16:40:43,348.5,schedule_aligned_to_uxsim_e2e
3,Afternoon Session,rb_to_wm,San Agustin,B_informal_only,informal_only,G-R,Heavy,Medium,4,rcbc,RCBC Bank (informal),"14.322737, 120.941631",informal,16:40:51,250.1,16:45:01,8.5,schedule_aligned_to_uxsim_e2e
3,Afternoon Session,rb_to_wm,San Agustin,B_informal_only,informal_only,G-R,Heavy,Medium,5,waltermart,Waltermart Dasmariñas (formal bus stop),"14.324939, 120.940955",terminal_formal,16:45:36,250.1,16:49:46,35.8,schedule_aligned_to_uxsim_e2e
3,Afternoon Session,rb_to_wm,San Agustin,B_informal_only,informal_only,R-G,Heavy,Medium,0,korean_grocery,Informal stop (Korean grocery),"14.300720, 120.954320",informal,16:22:00,10.1,16:22:10,0.0,schedule_aligned_to_uxsim_e2e
3,Afternoon Session,rb_to_wm,San Agustin,B_informal_only,informal_only,R-G,Heavy,Medium,1,pala_pala,Pala-Pala Intersection Signal,"14.302125, 120.954055",signal,16:22:28,302.8,16:27:30,18.7,schedule_aligned_to_uxsim_e2e
3,Afternoon Session,rb_to_wm,San Agustin,B_informal_only,informal_only,R-G,Heavy,Medium,2,seven_eleven,7-Eleven Pala Pala (informal),"14.301972, 120.954139",informal,16:27:38,202.6,16:31:00,8.5,schedule_aligned_to_uxsim_e2e
3,Afternoon Session,rb_to_wm,San Agustin,B_informal_only,informal_only,R-G,Heavy,Medium,3,waltermart_int,Waltermart Dasmariñas Intersection Signal,"14.322364, 120.941649",signal,16:36:48,330.3,16:42:18,348.5,schedule_aligned_to_uxsim_e2e
3,Afternoon Session,rb_to_wm,San Agustin,B_informal_only,informal_only,R-G,Heavy,Medium,4,rcbc,RCBC Bank (informal),"14.322737, 120.941631",informal,16:42:26,202.6,16:45:48,8.5,schedule_aligned_to_uxsim_e2e
3,Afternoon Session,rb_to_wm,San Agustin,B_informal_only,informal_only,R-G,Heavy,Medium,5,waltermart,Waltermart Dasmariñas (formal bus stop),"14.324939, 120.940955",terminal_formal,16:46:23,202.6,16:49:45,35.8,schedule_aligned_to_uxsim_e2e
3,Afternoon Session,rb_to_wm,San Agustin,B_informal_only,informal_only,R-R,Heavy,Medium,0,korean_grocery,Informal stop (Korean grocery),"14.300720, 120.954320",informal,16:22:00,12.9,16:22:12,0.0,schedule_aligned_to_uxsim_e2e
3,Afternoon Session,rb_to_wm,San Agustin,B_informal_only,informal_only,R-R,Heavy,Medium,1,pala_pala,Pala-Pala Intersection Signal,"14.302125, 120.954055",signal,16:22:30,302.8,16:27:32,18.7,schedule_aligned_to_uxsim_e2e
3,Afternoon Session,rb_to_wm,San Agustin,B_informal_only,informal_only,R-R,Heavy,Medium,2,seven_eleven,7-Eleven Pala Pala (informal),"14.301972, 120.954139",informal,16:27:40,259.2,16:31:59,8.5,schedule_aligned_to_uxsim_e2e
3,Afternoon Session,rb_to_wm,San Agustin,B_informal_only,informal_only,R-R,Heavy,Medium,3,waltermart_int,Waltermart Dasmariñas Intersection Signal,"14.322364, 120.941649",signal,16:37:47,157.8,16:40:24,348.5,schedule_aligned_to_uxsim_e2e
3,Afternoon Session,rb_to_wm,San Agustin,B_informal_only,informal_only,R-R,Heavy,Medium,4,rcbc,RCBC Bank (informal),"14.322737, 120.941631",informal,16:40:32,259.2,16:44:51,8.5,schedule_aligned_to_uxsim_e2e
3,Afternoon Session,rb_to_wm,San Agustin,B_informal_only,informal_only,R-R,Heavy,Medium,5,waltermart,Waltermart Dasmariñas (formal bus stop),"14.324939, 120.940955",terminal_formal,16:45:26,259.2,16:49:45,35.8,schedule_aligned_to_uxsim_e2e
4,Morning Session,rb_to_wm,San Agustin Transport Service Corp.,B_informal_only,informal_only,G-G,Light,Low,0,korean_grocery,Informal stop (Korean grocery),"14.300720, 120.954320",informal,06:12:00,17.0,06:12:17,0.0,schedule_aligned_to_uxsim_e2e
4,Morning Session,rb_to_wm,San Agustin Transport Service Corp.,B_informal_only,informal_only,G-G,Light,Low,1,pala_pala,Pala-Pala Intersection Signal,"14.302125, 120.954055",signal,06:12:36,83.2,06:13:59,19.1,schedule_aligned_to_uxsim_e2e
4,Morning Session,rb_to_wm,San Agustin Transport Service Corp.,B_informal_only,informal_only,G-G,Light,Low,2,seven_eleven,7-Eleven Pala Pala (informal),"14.301972, 120.954139",informal,06:14:07,16.7,06:14:23,8.7,schedule_aligned_to_uxsim_e2e
4,Morning Session,rb_to_wm,San Agustin Transport Service Corp.,B_informal_only,informal_only,G-G,Light,Low,3,waltermart_int,Waltermart Dasmariñas Intersection Signal,"14.322364, 120.941649",signal,06:18:24,83.2,06:19:47,241.3,schedule_aligned_to_uxsim_e2e
4,Morning Session,rb_to_wm,San Agustin Transport Service Corp.,B_informal_only,informal_only,G-G,Light,Low,4,rcbc,RCBC Bank (informal),"14.322737, 120.941631",informal,06:19:55,16.7,06:20:11,8.7,schedule_aligned_to_uxsim_e2e
4,Morning Session,rb_to_wm,San Agustin Transport Service Corp.,B_informal_only,informal_only,G-G,Light,Low,5,waltermart,Waltermart Dasmariñas (formal bus stop),"14.324939, 120.940955",terminal_formal,06:20:47,34.6,06:21:21,36.5,schedule_aligned_to_uxsim_e2e
4,Morning Session,rb_to_wm,San Agustin Transport Service Corp.,B_informal_only,informal_only,G-R,Light,Low,0,korean_grocery,Informal stop (Korean grocery),"14.300720, 120.954320",informal,06:12:00,9.4,06:12:09,0.0,schedule_aligned_to_uxsim_e2e
4,Morning Session,rb_to_wm,San Agustin Transport Service Corp.,B_informal_only,informal_only,G-R,Light,Low,1,pala_pala,Pala-Pala Intersection Signal,"14.302125, 120.954055",signal,06:12:28,83.2,06:13:51,19.1,schedule_aligned_to_uxsim_e2e
4,Morning Session,rb_to_wm,San Agustin Transport Service Corp.,B_informal_only,informal_only,G-R,Light,Low,2,seven_eleven,7-Eleven Pala Pala (informal),"14.301972, 120.954139",informal,06:13:59,9.2,06:14:08,8.7,schedule_aligned_to_uxsim_e2e
4,Morning Session,rb_to_wm,San Agustin Transport Service Corp.,B_informal_only,informal_only,G-R,Light,Low,3,waltermart_int,Waltermart Dasmariñas Intersection Signal,"14.322364, 120.941649",signal,06:18:09,60.0,06:19:09,241.2,schedule_aligned_to_uxsim_e2e
4,Morning Session,rb_to_wm,San Agustin Transport Service Corp.,B_informal_only,informal_only,G-R,Light,Low,4,rcbc,RCBC Bank (informal),"14.322737, 120.941631",informal,06:19:17,9.2,06:19:26,8.7,schedule_aligned_to_uxsim_e2e
4,Morning Session,rb_to_wm,San Agustin Transport Service Corp.,B_informal_only,informal_only,G-R,Light,Low,5,waltermart,Waltermart Dasmariñas (formal bus stop),"14.324939, 120.940955",terminal_formal,06:20:02,19.1,06:20:21,36.5,schedule_aligned_to_uxsim_e2e
4,Morning Session,rb_to_wm,San Agustin Transport Service Corp.,B_informal_only,informal_only,R-G,Light,Low,0,korean_grocery,Informal stop (Korean grocery),"14.300720, 120.954320",informal,06:12:00,17.0,06:12:17,0.0,schedule_aligned_to_uxsim_e2e
4,Morning Session,rb_to_wm,San Agustin Transport Service Corp.,B_informal_only,informal_only,R-G,Light,Low,1,pala_pala,Pala-Pala Intersection Signal,"14.302125, 120.954055",signal,06:12:36,180.0,06:15:36,19.1,schedule_aligned_to_uxsim_e2e
4,Morning Session,rb_to_wm,San Agustin Transport Service Corp.,B_informal_only,informal_only,R-G,Light,Low,2,seven_eleven,7-Eleven Pala Pala (informal),"14.301972, 120.954139",informal,06:15:44,16.7,06:16:00,8.7,schedule_aligned_to_uxsim_e2e
4,Morning Session,rb_to_wm,San Agustin Transport Service Corp.,B_informal_only,informal_only,R-G,Light,Low,3,waltermart_int,Waltermart Dasmariñas Intersection Signal,"14.322364, 120.941649",signal,06:20:01,83.2,06:21:24,241.3,schedule_aligned_to_uxsim_e2e
4,Morning Session,rb_to_wm,San Agustin Transport Service Corp.,B_informal_only,informal_only,R-G,Light,Low,4,rcbc,RCBC Bank (informal),"14.322737, 120.941631",informal,06:21:32,16.7,06:21:48,8.7,schedule_aligned_to_uxsim_e2e
4,Morning Session,rb_to_wm,San Agustin Transport Service Corp.,B_informal_only,informal_only,R-G,Light,Low,5,waltermart,Waltermart Dasmariñas (formal bus stop),"14.324939, 120.940955",terminal_formal,06:22:24,34.6,06:22:58,36.5,schedule_aligned_to_uxsim_e2e
4,Morning Session,rb_to_wm,San Agustin Transport Service Corp.,B_informal_only,informal_only,R-R,Light,Low,0,korean_grocery,Informal stop (Korean grocery),"14.300720, 120.954320",informal,06:12:00,17.0,06:12:17,0.0,schedule_aligned_to_uxsim_e2e
4,Morning Session,rb_to_wm,San Agustin Transport Service Corp.,B_informal_only,informal_only,R-R,Light,Low,1,pala_pala,Pala-Pala Intersection Signal,"14.302125, 120.954055",signal,06:12:36,180.0,06:15:36,19.1,schedule_aligned_to_uxsim_e2e
4,Morning Session,rb_to_wm,San Agustin Transport Service Corp.,B_informal_only,informal_only,R-R,Light,Low,2,seven_eleven,7-Eleven Pala Pala (informal),"14.301972, 120.954139",informal,06:15:44,16.7,06:16:00,8.7,schedule_aligned_to_uxsim_e2e
4,Morning Session,rb_to_wm,San Agustin Transport Service Corp.,B_informal_only,informal_only,R-R,Light,Low,3,waltermart_int,Waltermart Dasmariñas Intersection Signal,"14.322364, 120.941649",signal,06:20:01,60.0,06:21:01,241.2,schedule_aligned_to_uxsim_e2e
4,Morning Session,rb_to_wm,San Agustin Transport Service Corp.,B_informal_only,informal_only,R-R,Light,Low,4,rcbc,RCBC Bank (informal),"14.322737, 120.941631",informal,06:21:09,16.7,06:21:25,8.7,schedule_aligned_to_uxsim_e2e
4,Morning Session,rb_to_wm,San Agustin Transport Service Corp.,B_informal_only,informal_only,R-R,Light,Low,5,waltermart,Waltermart Dasmariñas (formal bus stop),"14.324939, 120.940955",terminal_formal,06:22:01,34.6,06:22:35,36.5,schedule_aligned_to_uxsim_e2e
5,Morning Session,rb_to_wm,San Agustin Transport Service Corp.,B_informal_only,informal_only,G-G,Light,Low,0,korean_grocery,Informal stop (Korean grocery),"14.300720, 120.954320",informal,06:41:00,24.0,06:41:24,0.0,schedule_aligned_to_uxsim_e2e
5,Morning Session,rb_to_wm,San Agustin Transport Service Corp.,B_informal_only,informal_only,G-G,Light,Low,1,pala_pala,Pala-Pala Intersection Signal,"14.302125, 120.954055",signal,06:41:43,83.2,06:43:06,19.1,schedule_aligned_to_uxsim_e2e
5,Morning Session,rb_to_wm,San Agustin Transport Service Corp.,B_informal_only,informal_only,G-G,Light,Low,2,seven_eleven,7-Eleven Pala Pala (informal),"14.301972, 120.954139",informal,06:43:14,16.7,06:43:30,8.7,schedule_aligned_to_uxsim_e2e
5,Morning Session,rb_to_wm,San Agustin Transport Service Corp.,B_informal_only,informal_only,G-G,Light,Low,3,waltermart_int,Waltermart Dasmariñas Intersection Signal,"14.322364, 120.941649",signal,06:47:31,83.2,06:48:54,241.3,schedule_aligned_to_uxsim_e2e
5,Morning Session,rb_to_wm,San Agustin Transport Service Corp.,B_informal_only,informal_only,G-G,Light,Low,4,rcbc,RCBC Bank (informal),"14.322737, 120.941631",informal,06:49:02,16.7,06:49:18,8.7,schedule_aligned_to_uxsim_e2e
5,Morning Session,rb_to_wm,San Agustin Transport Service Corp.,B_informal_only,informal_only,G-G,Light,Low,5,waltermart,Waltermart Dasmariñas (formal bus stop),"14.324939, 120.940955",terminal_formal,06:49:54,34.6,06:50:28,36.5,schedule_aligned_to_uxsim_e2e
5,Morning Session,rb_to_wm,San Agustin Transport Service Corp.,B_informal_only,informal_only,G-R,Light,Low,0,korean_grocery,Informal stop (Korean grocery),"14.300720, 120.954320",informal,06:41:00,13.2,06:41:13,0.0,schedule_aligned_to_uxsim_e2e
5,Morning Session,rb_to_wm,San Agustin Transport Service Corp.,B_informal_only,informal_only,G-R,Light,Low,1,pala_pala,Pala-Pala Intersection Signal,"14.302125, 120.954055",signal,06:41:32,83.2,06:42:55,19.1,schedule_aligned_to_uxsim_e2e
5,Morning Session,rb_to_wm,San Agustin Transport Service Corp.,B_informal_only,informal_only,G-R,Light,Low,2,seven_eleven,7-Eleven Pala Pala (informal),"14.301972, 120.954139",informal,06:43:03,9.2,06:43:12,8.7,schedule_aligned_to_uxsim_e2e
5,Morning Session,rb_to_wm,San Agustin Transport Service Corp.,B_informal_only,informal_only,G-R,Light,Low,3,waltermart_int,Waltermart Dasmariñas Intersection Signal,"14.322364, 120.941649",signal,06:47:13,60.0,06:48:13,241.2,schedule_aligned_to_uxsim_e2e
5,Morning Session,rb_to_wm,San Agustin Transport Service Corp.,B_informal_only,informal_only,G-R,Light,Low,4,rcbc,RCBC Bank (informal),"14.322737, 120.941631",informal,06:48:21,9.2,06:48:30,8.7,schedule_aligned_to_uxsim_e2e
5,Morning Session,rb_to_wm,San Agustin Transport Service Corp.,B_informal_only,informal_only,G-R,Light,Low,5,waltermart,Waltermart Dasmariñas (formal bus stop),"14.324939, 120.940955",terminal_formal,06:49:06,19.1,06:49:25,36.5,schedule_aligned_to_uxsim_e2e
5,Morning Session,rb_to_wm,San Agustin Transport Service Corp.,B_informal_only,informal_only,R-G,Light,Low,0,korean_grocery,Informal stop (Korean grocery),"14.300720, 120.954320",informal,06:41:00,24.0,06:41:24,0.0,schedule_aligned_to_uxsim_e2e
5,Morning Session,rb_to_wm,San Agustin Transport Service Corp.,B_informal_only,informal_only,R-G,Light,Low,1,pala_pala,Pala-Pala Intersection Signal,"14.302125, 120.954055",signal,06:41:43,180.0,06:44:43,19.1,schedule_aligned_to_uxsim_e2e
5,Morning Session,rb_to_wm,San Agustin Transport Service Corp.,B_informal_only,informal_only,R-G,Light,Low,2,seven_eleven,7-Eleven Pala Pala (informal),"14.301972, 120.954139",informal,06:44:51,16.7,06:45:07,8.7,schedule_aligned_to_uxsim_e2e
5,Morning Session,rb_to_wm,San Agustin Transport Service Corp.,B_informal_only,informal_only,R-G,Light,Low,3,waltermart_int,Waltermart Dasmariñas Intersection Signal,"14.322364, 120.941649",signal,06:49:08,83.2,06:50:31,241.3,schedule_aligned_to_uxsim_e2e
5,Morning Session,rb_to_wm,San Agustin Transport Service Corp.,B_informal_only,informal_only,R-G,Light,Low,4,rcbc,RCBC Bank (informal),"14.322737, 120.941631",informal,06:50:39,16.7,06:50:55,8.7,schedule_aligned_to_uxsim_e2e
5,Morning Session,rb_to_wm,San Agustin Transport Service Corp.,B_informal_only,informal_only,R-G,Light,Low,5,waltermart,Waltermart Dasmariñas (formal bus stop),"14.324939, 120.940955",terminal_formal,06:51:31,34.6,06:52:05,36.5,schedule_aligned_to_uxsim_e2e
5,Morning Session,rb_to_wm,San Agustin Transport Service Corp.,B_informal_only,informal_only,R-R,Light,Low,0,korean_grocery,Informal stop (Korean grocery),"14.300720, 120.954320",informal,06:41:00,24.0,06:41:24,0.0,schedule_aligned_to_uxsim_e2e
5,Morning Session,rb_to_wm,San Agustin Transport Service Corp.,B_informal_only,informal_only,R-R,Light,Low,1,pala_pala,Pala-Pala Intersection Signal,"14.302125, 120.954055",signal,06:41:43,180.0,06:44:43,19.1,schedule_aligned_to_uxsim_e2e
5,Morning Session,rb_to_wm,San Agustin Transport Service Corp.,B_informal_only,informal_only,R-R,Light,Low,2,seven_eleven,7-Eleven Pala Pala (informal),"14.301972, 120.954139",informal,06:44:51,16.7,06:45:07,8.7,schedule_aligned_to_uxsim_e2e
5,Morning Session,rb_to_wm,San Agustin Transport Service Corp.,B_informal_only,informal_only,R-R,Light,Low,3,waltermart_int,Waltermart Dasmariñas Intersection Signal,"14.322364, 120.941649",signal,06:49:08,60.0,06:50:08,241.2,schedule_aligned_to_uxsim_e2e
5,Morning Session,rb_to_wm,San Agustin Transport Service Corp.,B_informal_only,informal_only,R-R,Light,Low,4,rcbc,RCBC Bank (informal),"14.322737, 120.941631",informal,06:50:16,16.7,06:50:32,8.7,schedule_aligned_to_uxsim_e2e
5,Morning Session,rb_to_wm,San Agustin Transport Service Corp.,B_informal_only,informal_only,R-R,Light,Low,5,waltermart,Waltermart Dasmariñas (formal bus stop),"14.324939, 120.940955",terminal_formal,06:51:08,34.6,06:51:42,36.5,schedule_aligned_to_uxsim_e2e
6,Lunch,wm_to_rb,San Agustin Transport Service Corp.,B_informal_only,informal_only,G-G,Light,Low,0,waltermart,Waltermart Dasmariñas (formal bus stop),"14.324939, 120.940955",terminal_formal,12:07:00,12.1,12:07:12,0.0,schedule_aligned_to_uxsim_e2e
6,Lunch,wm_to_rb,San Agustin Transport Service Corp.,B_informal_only,informal_only,G-G,Light,Low,1,rcbc,RCBC Bank (informal),"14.322737, 120.941631",informal,12:07:47,44.7,12:08:31,35.5,schedule_aligned_to_uxsim_e2e
6,Lunch,wm_to_rb,San Agustin Transport Service Corp.,B_informal_only,informal_only,G-G,Light,Low,2,waltermart_int,Waltermart Dasmariñas Intersection Signal,"14.322364, 120.941649",signal,12:08:39,83.2,12:10:02,8.5,schedule_aligned_to_uxsim_e2e
6,Lunch,wm_to_rb,San Agustin Transport Service Corp.,B_informal_only,informal_only,G-G,Light,Low,3,pala_pala,Pala-Pala Intersection Signal,"14.302125, 120.954055",signal,12:14:00,83.2,12:15:23,238.4,schedule_aligned_to_uxsim_e2e
6,Lunch,wm_to_rb,San Agustin Transport Service Corp.,B_informal_only,informal_only,G-G,Light,Low,4,robinsons,Robinson Place Dasmariñas (formal bus stop),"14.300037, 120.954412",terminal_formal,12:15:54,50.1,12:16:44,31.6,schedule_aligned_to_uxsim_e2e
6,Lunch,wm_to_rb,San Agustin Transport Service Corp.,B_informal_only,informal_only,G-R,Light,Low,0,waltermart,Waltermart Dasmariñas (formal bus stop),"14.324939, 120.940955",terminal_formal,12:07:00,22.0,12:07:21,0.0,schedule_aligned_to_uxsim_e2e
6,Lunch,wm_to_rb,San Agustin Transport Service Corp.,B_informal_only,informal_only,G-R,Light,Low,1,rcbc,RCBC Bank (informal),"14.322737, 120.941631",informal,12:07:56,81.3,12:09:17,35.5,schedule_aligned_to_uxsim_e2e
6,Lunch,wm_to_rb,San Agustin Transport Service Corp.,B_informal_only,informal_only,G-R,Light,Low,2,waltermart_int,Waltermart Dasmariñas Intersection Signal,"14.322364, 120.941649",signal,12:09:25,83.2,12:10:48,8.5,schedule_aligned_to_uxsim_e2e
6,Lunch,wm_to_rb,San Agustin Transport Service Corp.,B_informal_only,informal_only,G-R,Light,Low,3,pala_pala,Pala-Pala Intersection Signal,"14.302125, 120.954055",signal,12:14:46,180.0,12:17:46,238.4,schedule_aligned_to_uxsim_e2e
6,Lunch,wm_to_rb,San Agustin Transport Service Corp.,B_informal_only,informal_only,G-R,Light,Low,4,robinsons,Robinson Place Dasmariñas (formal bus stop),"14.300037, 120.954412",terminal_formal,12:18:17,91.0,12:19:48,31.6,schedule_aligned_to_uxsim_e2e
6,Lunch,wm_to_rb,San Agustin Transport Service Corp.,B_informal_only,informal_only,R-G,Light,Low,0,waltermart,Waltermart Dasmariñas (formal bus stop),"14.324939, 120.940955",terminal_formal,12:07:00,12.1,12:07:12,0.0,schedule_aligned_to_uxsim_e2e
6,Lunch,wm_to_rb,San Agustin Transport Service Corp.,B_informal_only,informal_only,R-G,Light,Low,1,rcbc,RCBC Bank (informal),"14.322737, 120.941631",informal,12:07:47,44.8,12:08:31,35.5,schedule_aligned_to_uxsim_e2e
6,Lunch,wm_to_rb,San Agustin Transport Service Corp.,B_informal_only,informal_only,R-G,Light,Low,2,waltermart_int,Waltermart Dasmariñas Intersection Signal,"14.322364, 120.941649",signal,12:08:39,55.0,12:09:34,8.5,schedule_aligned_to_uxsim_e2e
6,Lunch,wm_to_rb,San Agustin Transport Service Corp.,B_informal_only,informal_only,R-G,Light,Low,3,pala_pala,Pala-Pala Intersection Signal,"14.302125, 120.954055",signal,12:13:32,83.2,12:14:55,238.4,schedule_aligned_to_uxsim_e2e
6,Lunch,wm_to_rb,San Agustin Transport Service Corp.,B_informal_only,informal_only,R-G,Light,Low,4,robinsons,Robinson Place Dasmariñas (formal bus stop),"14.300037, 120.954412",terminal_formal,12:15:26,50.2,12:16:16,31.6,schedule_aligned_to_uxsim_e2e
6,Lunch,wm_to_rb,San Agustin Transport Service Corp.,B_informal_only,informal_only,R-R,Light,Low,0,waltermart,Waltermart Dasmariñas (formal bus stop),"14.324939, 120.940955",terminal_formal,12:07:00,12.1,12:07:12,0.0,schedule_aligned_to_uxsim_e2e
6,Lunch,wm_to_rb,San Agustin Transport Service Corp.,B_informal_only,informal_only,R-R,Light,Low,1,rcbc,RCBC Bank (informal),"14.322737, 120.941631",informal,12:07:47,44.7,12:08:31,35.5,schedule_aligned_to_uxsim_e2e
6,Lunch,wm_to_rb,San Agustin Transport Service Corp.,B_informal_only,informal_only,R-R,Light,Low,2,waltermart_int,Waltermart Dasmariñas Intersection Signal,"14.322364, 120.941649",signal,12:08:39,55.0,12:09:34,8.5,schedule_aligned_to_uxsim_e2e
6,Lunch,wm_to_rb,San Agustin Transport Service Corp.,B_informal_only,informal_only,R-R,Light,Low,3,pala_pala,Pala-Pala Intersection Signal,"14.302125, 120.954055",signal,12:13:32,180.0,12:16:32,238.4,schedule_aligned_to_uxsim_e2e
6,Lunch,wm_to_rb,San Agustin Transport Service Corp.,B_informal_only,informal_only,R-R,Light,Low,4,robinsons,Robinson Place Dasmariñas (formal bus stop),"14.300037, 120.954412",terminal_formal,12:17:03,50.1,12:17:53,31.6,schedule_aligned_to_uxsim_e2e
7,Lunch,wm_to_rb,San Agustin Transport Service Corp.,B_informal_only,informal_only,G-G,Light,Medium,0,waltermart,Waltermart Dasmariñas (formal bus stop),"14.324939, 120.940955",terminal_formal,12:37:00,13.8,12:37:13,0.0,schedule_aligned_to_uxsim_e2e
7,Lunch,wm_to_rb,San Agustin Transport Service Corp.,B_informal_only,informal_only,G-G,Light,Medium,1,rcbc,RCBC Bank (informal),"14.322737, 120.941631",informal,12:37:48,44.7,12:38:32,35.5,schedule_aligned_to_uxsim_e2e
7,Lunch,wm_to_rb,San Agustin Transport Service Corp.,B_informal_only,informal_only,G-G,Light,Medium,2,waltermart_int,Waltermart Dasmariñas Intersection Signal,"14.322364, 120.941649",signal,12:38:40,83.2,12:40:03,8.5,schedule_aligned_to_uxsim_e2e
7,Lunch,wm_to_rb,San Agustin Transport Service Corp.,B_informal_only,informal_only,G-G,Light,Medium,3,pala_pala,Pala-Pala Intersection Signal,"14.302125, 120.954055",signal,12:44:01,83.2,12:45:24,238.4,schedule_aligned_to_uxsim_e2e
7,Lunch,wm_to_rb,San Agustin Transport Service Corp.,B_informal_only,informal_only,G-G,Light,Medium,4,robinsons,Robinson Place Dasmariñas (formal bus stop),"14.300037, 120.954412",terminal_formal,12:45:55,44.7,12:46:39,31.6,schedule_aligned_to_uxsim_e2e
7,Lunch,wm_to_rb,San Agustin Transport Service Corp.,B_informal_only,informal_only,G-R,Light,Medium,0,waltermart,Waltermart Dasmariñas (formal bus stop),"14.324939, 120.940955",terminal_formal,12:37:00,25.0,12:37:24,0.0,schedule_aligned_to_uxsim_e2e
7,Lunch,wm_to_rb,San Agustin Transport Service Corp.,B_informal_only,informal_only,G-R,Light,Medium,1,rcbc,RCBC Bank (informal),"14.322737, 120.941631",informal,12:37:59,81.3,12:39:20,35.5,schedule_aligned_to_uxsim_e2e
7,Lunch,wm_to_rb,San Agustin Transport Service Corp.,B_informal_only,informal_only,G-R,Light,Medium,2,waltermart_int,Waltermart Dasmariñas Intersection Signal,"14.322364, 120.941649",signal,12:39:28,83.2,12:40:51,8.5,schedule_aligned_to_uxsim_e2e
7,Lunch,wm_to_rb,San Agustin Transport Service Corp.,B_informal_only,informal_only,G-R,Light,Medium,3,pala_pala,Pala-Pala Intersection Signal,"14.302125, 120.954055",signal,12:44:49,180.0,12:47:49,238.4,schedule_aligned_to_uxsim_e2e
7,Lunch,wm_to_rb,San Agustin Transport Service Corp.,B_informal_only,informal_only,G-R,Light,Medium,4,robinsons,Robinson Place Dasmariñas (formal bus stop),"14.300037, 120.954412",terminal_formal,12:48:20,81.3,12:49:41,31.6,schedule_aligned_to_uxsim_e2e
7,Lunch,wm_to_rb,San Agustin Transport Service Corp.,B_informal_only,informal_only,R-G,Light,Medium,0,waltermart,Waltermart Dasmariñas (formal bus stop),"14.324939, 120.940955",terminal_formal,12:37:00,14.3,12:37:14,0.0,schedule_aligned_to_uxsim_e2e
7,Lunch,wm_to_rb,San Agustin Transport Service Corp.,B_informal_only,informal_only,R-G,Light,Medium,1,rcbc,RCBC Bank (informal),"14.322737, 120.941631",informal,12:37:49,46.5,12:38:35,35.5,schedule_aligned_to_uxsim_e2e
7,Lunch,wm_to_rb,San Agustin Transport Service Corp.,B_informal_only,informal_only,R-G,Light,Medium,2,waltermart_int,Waltermart Dasmariñas Intersection Signal,"14.322364, 120.941649",signal,12:38:43,55.0,12:39:38,8.5,schedule_aligned_to_uxsim_e2e
7,Lunch,wm_to_rb,San Agustin Transport Service Corp.,B_informal_only,informal_only,R-G,Light,Medium,3,pala_pala,Pala-Pala Intersection Signal,"14.302125, 120.954055",signal,12:43:36,83.2,12:44:59,238.4,schedule_aligned_to_uxsim_e2e
7,Lunch,wm_to_rb,San Agustin Transport Service Corp.,B_informal_only,informal_only,R-G,Light,Medium,4,robinsons,Robinson Place Dasmariñas (formal bus stop),"14.300037, 120.954412",terminal_formal,12:45:30,46.5,12:46:16,31.6,schedule_aligned_to_uxsim_e2e
7,Lunch,wm_to_rb,San Agustin Transport Service Corp.,B_informal_only,informal_only,R-R,Light,Medium,0,waltermart,Waltermart Dasmariñas (formal bus stop),"14.324939, 120.940955",terminal_formal,12:37:00,13.8,12:37:13,0.0,schedule_aligned_to_uxsim_e2e
7,Lunch,wm_to_rb,San Agustin Transport Service Corp.,B_informal_only,informal_only,R-R,Light,Medium,1,rcbc,RCBC Bank (informal),"14.322737, 120.941631",informal,12:37:48,44.7,12:38:32,35.5,schedule_aligned_to_uxsim_e2e
7,Lunch,wm_to_rb,San Agustin Transport Service Corp.,B_informal_only,informal_only,R-R,Light,Medium,2,waltermart_int,Waltermart Dasmariñas Intersection Signal,"14.322364, 120.941649",signal,12:38:40,55.0,12:39:35,8.5,schedule_aligned_to_uxsim_e2e
7,Lunch,wm_to_rb,San Agustin Transport Service Corp.,B_informal_only,informal_only,R-R,Light,Medium,3,pala_pala,Pala-Pala Intersection Signal,"14.302125, 120.954055",signal,12:43:33,180.0,12:46:33,238.4,schedule_aligned_to_uxsim_e2e
7,Lunch,wm_to_rb,San Agustin Transport Service Corp.,B_informal_only,informal_only,R-R,Light,Medium,4,robinsons,Robinson Place Dasmariñas (formal bus stop),"14.300037, 120.954412",terminal_formal,12:47:04,44.7,12:47:48,31.6,schedule_aligned_to_uxsim_e2e
8,Afternoon Session,rb_to_wm,San Agustin Transport Service Corp.,B_informal_only,informal_only,G-G,Heavy,High,0,korean_grocery,Informal stop (Korean grocery),"14.300720, 120.954320",informal,16:07:00,29.4,16:07:29,0.0,schedule_aligned_to_uxsim_e2e
8,Afternoon Session,rb_to_wm,San Agustin Transport Service Corp.,B_informal_only,informal_only,G-G,Heavy,High,1,pala_pala,Pala-Pala Intersection Signal,"14.302125, 120.954055",signal,16:07:47,330.3,16:13:17,18.7,schedule_aligned_to_uxsim_e2e
8,Afternoon Session,rb_to_wm,San Agustin Transport Service Corp.,B_informal_only,informal_only,G-G,Heavy,High,2,seven_eleven,7-Eleven Pala Pala (informal),"14.301972, 120.954139",informal,16:13:25,167.4,16:16:12,8.5,schedule_aligned_to_uxsim_e2e
8,Afternoon Session,rb_to_wm,San Agustin Transport Service Corp.,B_informal_only,informal_only,G-G,Heavy,High,3,waltermart_int,Waltermart Dasmariñas Intersection Signal,"14.322364, 120.941649",signal,16:22:00,330.3,16:27:30,348.5,schedule_aligned_to_uxsim_e2e
8,Afternoon Session,rb_to_wm,San Agustin Transport Service Corp.,B_informal_only,informal_only,G-G,Heavy,High,4,rcbc,RCBC Bank (informal),"14.322737, 120.941631",informal,16:27:38,167.4,16:30:25,8.5,schedule_aligned_to_uxsim_e2e
8,Afternoon Session,rb_to_wm,San Agustin Transport Service Corp.,B_informal_only,informal_only,G-G,Heavy,High,5,waltermart,Waltermart Dasmariñas (formal bus stop),"14.324939, 120.940955",terminal_formal,16:31:00,226.0,16:34:45,35.8,schedule_aligned_to_uxsim_e2e
8,Afternoon Session,rb_to_wm,San Agustin Transport Service Corp.,B_informal_only,informal_only,G-R,Heavy,High,0,korean_grocery,Informal stop (Korean grocery),"14.300720, 120.954320",informal,16:07:00,38.0,16:07:38,0.0,schedule_aligned_to_uxsim_e2e
8,Afternoon Session,rb_to_wm,San Agustin Transport Service Corp.,B_informal_only,informal_only,G-R,Heavy,High,1,pala_pala,Pala-Pala Intersection Signal,"14.302125, 120.954055",signal,16:07:56,330.3,16:13:26,18.7,schedule_aligned_to_uxsim_e2e
8,Afternoon Session,rb_to_wm,San Agustin Transport Service Corp.,B_informal_only,informal_only,G-R,Heavy,High,2,seven_eleven,7-Eleven Pala Pala (informal),"14.301972, 120.954139",informal,16:13:34,216.4,16:17:10,8.5,schedule_aligned_to_uxsim_e2e
8,Afternoon Session,rb_to_wm,San Agustin Transport Service Corp.,B_informal_only,informal_only,G-R,Heavy,High,3,waltermart_int,Waltermart Dasmariñas Intersection Signal,"14.322364, 120.941649",signal,16:22:58,157.8,16:25:35,348.5,schedule_aligned_to_uxsim_e2e
8,Afternoon Session,rb_to_wm,San Agustin Transport Service Corp.,B_informal_only,informal_only,G-R,Heavy,High,4,rcbc,RCBC Bank (informal),"14.322737, 120.941631",informal,16:25:43,216.4,16:29:19,8.5,schedule_aligned_to_uxsim_e2e
8,Afternoon Session,rb_to_wm,San Agustin Transport Service Corp.,B_informal_only,informal_only,G-R,Heavy,High,5,waltermart,Waltermart Dasmariñas (formal bus stop),"14.324939, 120.940955",terminal_formal,16:29:54,292.1,16:34:46,35.8,schedule_aligned_to_uxsim_e2e
8,Afternoon Session,rb_to_wm,San Agustin Transport Service Corp.,B_informal_only,informal_only,R-G,Heavy,High,0,korean_grocery,Informal stop (Korean grocery),"14.300720, 120.954320",informal,16:07:00,30.8,16:07:30,0.0,schedule_aligned_to_uxsim_e2e
8,Afternoon Session,rb_to_wm,San Agustin Transport Service Corp.,B_informal_only,informal_only,R-G,Heavy,High,1,pala_pala,Pala-Pala Intersection Signal,"14.302125, 120.954055",signal,16:07:48,302.8,16:12:50,18.7,schedule_aligned_to_uxsim_e2e
8,Afternoon Session,rb_to_wm,San Agustin Transport Service Corp.,B_informal_only,informal_only,R-G,Heavy,High,2,seven_eleven,7-Eleven Pala Pala (informal),"14.301972, 120.954139",informal,16:12:58,175.2,16:15:53,8.5,schedule_aligned_to_uxsim_e2e
8,Afternoon Session,rb_to_wm,San Agustin Transport Service Corp.,B_informal_only,informal_only,R-G,Heavy,High,3,waltermart_int,Waltermart Dasmariñas Intersection Signal,"14.322364, 120.941649",signal,16:21:41,330.3,16:27:11,348.5,schedule_aligned_to_uxsim_e2e
8,Afternoon Session,rb_to_wm,San Agustin Transport Service Corp.,B_informal_only,informal_only,R-G,Heavy,High,4,rcbc,RCBC Bank (informal),"14.322737, 120.941631",informal,16:27:19,175.2,16:30:14,8.5,schedule_aligned_to_uxsim_e2e
8,Afternoon Session,rb_to_wm,San Agustin Transport Service Corp.,B_informal_only,informal_only,R-G,Heavy,High,5,waltermart,Waltermart Dasmariñas (formal bus stop),"14.324939, 120.940955",terminal_formal,16:30:49,236.6,16:34:45,35.8,schedule_aligned_to_uxsim_e2e
8,Afternoon Session,rb_to_wm,San Agustin Transport Service Corp.,B_informal_only,informal_only,R-R,Heavy,High,0,korean_grocery,Informal stop (Korean grocery),"14.300720, 120.954320",informal,16:07:00,39.4,16:07:39,0.0,schedule_aligned_to_uxsim_e2e
8,Afternoon Session,rb_to_wm,San Agustin Transport Service Corp.,B_informal_only,informal_only,R-R,Heavy,High,1,pala_pala,Pala-Pala Intersection Signal,"14.302125, 120.954055",signal,16:07:57,302.8,16:12:59,18.7,schedule_aligned_to_uxsim_e2e
8,Afternoon Session,rb_to_wm,San Agustin Transport Service Corp.,B_informal_only,informal_only,R-R,Heavy,High,2,seven_eleven,7-Eleven Pala Pala (informal),"14.301972, 120.954139",informal,16:13:07,224.2,16:16:51,8.5,schedule_aligned_to_uxsim_e2e
8,Afternoon Session,rb_to_wm,San Agustin Transport Service Corp.,B_informal_only,informal_only,R-R,Heavy,High,3,waltermart_int,Waltermart Dasmariñas Intersection Signal,"14.322364, 120.941649",signal,16:22:39,157.8,16:25:16,348.5,schedule_aligned_to_uxsim_e2e
8,Afternoon Session,rb_to_wm,San Agustin Transport Service Corp.,B_informal_only,informal_only,R-R,Heavy,High,4,rcbc,RCBC Bank (informal),"14.322737, 120.941631",informal,16:25:24,224.2,16:29:08,8.5,schedule_aligned_to_uxsim_e2e
8,Afternoon Session,rb_to_wm,San Agustin Transport Service Corp.,B_informal_only,informal_only,R-R,Heavy,High,5,waltermart,Waltermart Dasmariñas (formal bus stop),"14.324939, 120.940955",terminal_formal,16:29:43,302.7,16:34:45,35.8,schedule_aligned_to_uxsim_e2e
9,Afternoon Session,rb_to_wm,San Agustin Transport Service Corp.,B_informal_only,informal_only,G-G,Heavy,High,0,korean_grocery,Informal stop (Korean grocery),"14.300720, 120.954320",informal,16:41:00,27.3,16:41:27,0.0,schedule_aligned_to_uxsim_e2e
9,Afternoon Session,rb_to_wm,San Agustin Transport Service Corp.,B_informal_only,informal_only,G-G,Heavy,High,1,pala_pala,Pala-Pala Intersection Signal,"14.302125, 120.954055",signal,16:41:45,330.3,16:47:15,18.7,schedule_aligned_to_uxsim_e2e
9,Afternoon Session,rb_to_wm,San Agustin Transport Service Corp.,B_informal_only,informal_only,G-G,Heavy,High,2,seven_eleven,7-Eleven Pala Pala (informal),"14.301972, 120.954139",informal,16:47:23,168.1,16:50:11,8.5,schedule_aligned_to_uxsim_e2e
9,Afternoon Session,rb_to_wm,San Agustin Transport Service Corp.,B_informal_only,informal_only,G-G,Heavy,High,3,waltermart_int,Waltermart Dasmariñas Intersection Signal,"14.322364, 120.941649",signal,16:55:59,330.3,17:01:29,348.5,schedule_aligned_to_uxsim_e2e
9,Afternoon Session,rb_to_wm,San Agustin Transport Service Corp.,B_informal_only,informal_only,G-G,Heavy,High,4,rcbc,RCBC Bank (informal),"14.322737, 120.941631",informal,17:01:37,168.1,17:04:25,8.5,schedule_aligned_to_uxsim_e2e
9,Afternoon Session,rb_to_wm,San Agustin Transport Service Corp.,B_informal_only,informal_only,G-G,Heavy,High,5,waltermart,Waltermart Dasmariñas (formal bus stop),"14.324939, 120.940955",terminal_formal,17:05:00,226.9,17:08:46,35.8,schedule_aligned_to_uxsim_e2e
9,Afternoon Session,rb_to_wm,San Agustin Transport Service Corp.,B_informal_only,informal_only,G-R,Heavy,High,0,korean_grocery,Informal stop (Korean grocery),"14.300720, 120.954320",informal,16:41:00,35.3,16:41:35,0.0,schedule_aligned_to_uxsim_e2e
9,Afternoon Session,rb_to_wm,San Agustin Transport Service Corp.,B_informal_only,informal_only,G-R,Heavy,High,1,pala_pala,Pala-Pala Intersection Signal,"14.302125, 120.954055",signal,16:41:53,330.3,16:47:23,18.7,schedule_aligned_to_uxsim_e2e
9,Afternoon Session,rb_to_wm,San Agustin Transport Service Corp.,B_informal_only,informal_only,G-R,Heavy,High,2,seven_eleven,7-Eleven Pala Pala (informal),"14.301972, 120.954139",informal,16:47:31,217.2,16:51:08,8.5,schedule_aligned_to_uxsim_e2e
9,Afternoon Session,rb_to_wm,San Agustin Transport Service Corp.,B_informal_only,informal_only,G-R,Heavy,High,3,waltermart_int,Waltermart Dasmariñas Intersection Signal,"14.322364, 120.941649",signal,16:56:56,157.8,16:59:33,348.5,schedule_aligned_to_uxsim_e2e
9,Afternoon Session,rb_to_wm,San Agustin Transport Service Corp.,B_informal_only,informal_only,G-R,Heavy,High,4,rcbc,RCBC Bank (informal),"14.322737, 120.941631",informal,16:59:41,217.2,17:03:18,8.5,schedule_aligned_to_uxsim_e2e
9,Afternoon Session,rb_to_wm,San Agustin Transport Service Corp.,B_informal_only,informal_only,G-R,Heavy,High,5,waltermart,Waltermart Dasmariñas (formal bus stop),"14.324939, 120.940955",terminal_formal,17:03:53,293.2,17:08:46,35.8,schedule_aligned_to_uxsim_e2e
9,Afternoon Session,rb_to_wm,San Agustin Transport Service Corp.,B_informal_only,informal_only,R-G,Heavy,High,0,korean_grocery,Informal stop (Korean grocery),"14.300720, 120.954320",informal,16:41:00,28.6,16:41:28,0.0,schedule_aligned_to_uxsim_e2e
9,Afternoon Session,rb_to_wm,San Agustin Transport Service Corp.,B_informal_only,informal_only,R-G,Heavy,High,1,pala_pala,Pala-Pala Intersection Signal,"14.302125, 120.954055",signal,16:41:46,302.8,16:46:48,18.7,schedule_aligned_to_uxsim_e2e
9,Afternoon Session,rb_to_wm,San Agustin Transport Service Corp.,B_informal_only,informal_only,R-G,Heavy,High,2,seven_eleven,7-Eleven Pala Pala (informal),"14.301972, 120.954139",informal,16:46:56,175.9,16:49:51,8.5,schedule_aligned_to_uxsim_e2e
9,Afternoon Session,rb_to_wm,San Agustin Transport Service Corp.,B_informal_only,informal_only,R-G,Heavy,High,3,waltermart_int,Waltermart Dasmariñas Intersection Signal,"14.322364, 120.941649",signal,16:55:39,330.3,17:01:09,348.5,schedule_aligned_to_uxsim_e2e
9,Afternoon Session,rb_to_wm,San Agustin Transport Service Corp.,B_informal_only,informal_only,R-G,Heavy,High,4,rcbc,RCBC Bank (informal),"14.322737, 120.941631",informal,17:01:17,175.9,17:04:12,8.5,schedule_aligned_to_uxsim_e2e
9,Afternoon Session,rb_to_wm,San Agustin Transport Service Corp.,B_informal_only,informal_only,R-G,Heavy,High,5,waltermart,Waltermart Dasmariñas (formal bus stop),"14.324939, 120.940955",terminal_formal,17:04:47,237.5,17:08:44,35.8,schedule_aligned_to_uxsim_e2e
9,Afternoon Session,rb_to_wm,San Agustin Transport Service Corp.,B_informal_only,informal_only,R-R,Heavy,High,0,korean_grocery,Informal stop (Korean grocery),"14.300720, 120.954320",informal,16:41:00,36.5,16:41:36,0.0,schedule_aligned_to_uxsim_e2e
9,Afternoon Session,rb_to_wm,San Agustin Transport Service Corp.,B_informal_only,informal_only,R-R,Heavy,High,1,pala_pala,Pala-Pala Intersection Signal,"14.302125, 120.954055",signal,16:41:54,302.8,16:46:56,18.7,schedule_aligned_to_uxsim_e2e
9,Afternoon Session,rb_to_wm,San Agustin Transport Service Corp.,B_informal_only,informal_only,R-R,Heavy,High,2,seven_eleven,7-Eleven Pala Pala (informal),"14.301972, 120.954139",informal,16:47:04,225.0,16:50:49,8.5,schedule_aligned_to_uxsim_e2e
9,Afternoon Session,rb_to_wm,San Agustin Transport Service Corp.,B_informal_only,informal_only,R-R,Heavy,High,3,waltermart_int,Waltermart Dasmariñas Intersection Signal,"14.322364, 120.941649",signal,16:56:37,157.8,16:59:14,348.5,schedule_aligned_to_uxsim_e2e
9,Afternoon Session,rb_to_wm,San Agustin Transport Service Corp.,B_informal_only,informal_only,R-R,Heavy,High,4,rcbc,RCBC Bank (informal),"14.322737, 120.941631",informal,16:59:22,225.0,17:03:07,8.5,schedule_aligned_to_uxsim_e2e
9,Afternoon Session,rb_to_wm,San Agustin Transport Service Corp.,B_informal_only,informal_only,R-R,Heavy,High,5,waltermart,Waltermart Dasmariñas (formal bus stop),"14.324939, 120.940955",terminal_formal,17:03:42,303.8,17:08:45,35.8,schedule_aligned_to_uxsim_e2e
