obs_id,session,trip_direction,bus_company,scenario_id,policy,signal_pattern,traffic_condition,crowding_level,stop_sequence,stop_key,stop_label,coordinates,stop_kind,arrived_at_stop_time,dwell_at_stop_s,departed_stop_time,leg_travel_before_stop_s,stop_timeline_source
1,Morning Session,wm_to_rb,San Agustin,E_optimized_transit,optimized_transit,G-G,Light,Medium,0,waltermart,Waltermart Dasmariñas (formal bus stop),"14.324939, 120.940955",terminal_formal,06:02:00,32.0,06:02:31,0.0,schedule_aligned_to_uxsim_e2e
1,Morning Session,wm_to_rb,San Agustin,E_optimized_transit,optimized_transit,G-G,Light,Medium,1,rcbc,RCBC Bank (informal),"14.322737, 120.941631",informal,06:03:05,8.0,06:03:12,34.2,schedule_aligned_to_uxsim_e2e
1,Morning Session,wm_to_rb,San Agustin,E_optimized_transit,optimized_transit,G-G,Light,Medium,2,waltermart_int,Waltermart Dasmariñas Intersection Signal,"14.322364, 120.941649",signal,06:03:20,83.2,06:04:43,8.1,schedule_aligned_to_uxsim_e2e
1,Morning Session,wm_to_rb,San Agustin,E_optimized_transit,optimized_transit,G-G,Light,Medium,3,vista_mall,Vista Mall Dasmariñas (formal),"14.316870, 120.944150",formal,06:05:48,8.0,06:05:55,65.2,schedule_aligned_to_uxsim_e2e
1,Morning Session,wm_to_rb,San Agustin,E_optimized_transit,optimized_transit,G-G,Light,Medium,4,villa_verde,Villa Verde (formal),"14.314900, 120.945000",formal,06:06:03,8.0,06:06:10,8.1,schedule_aligned_to_uxsim_e2e
1,Morning Session,wm_to_rb,San Agustin,E_optimized_transit,optimized_transit,G-G,Light,Medium,5,rkp_trading,RKP Trading Corporation (formal),"14.303230, 120.954053",formal,06:08:46,8.0,06:08:53,156.8,schedule_aligned_to_uxsim_e2e
1,Morning Session,wm_to_rb,San Agustin,E_optimized_transit,optimized_transit,G-G,Light,Medium,6,pala_pala,Pala-Pala Intersection Signal,"14.302125, 120.954055",signal,06:09:04,83.2,06:10:27,11.1,schedule_aligned_to_uxsim_e2e
1,Morning Session,wm_to_rb,San Agustin,E_optimized_transit,optimized_transit,G-G,Light,Medium,7,robinsons,Robinson Place Dasmariñas (formal bus stop),"14.300037, 120.954412",terminal_formal,06:10:57,21.5,06:11:18,30.5,schedule_aligned_to_uxsim_e2e
1,Morning Session,wm_to_rb,San Agustin,E_optimized_transit,optimized_transit,G-R,Light,Medium,0,waltermart,Waltermart Dasmariñas (formal bus stop),"14.324939, 120.940955",terminal_formal,06:02:00,32.0,06:02:31,0.0,schedule_aligned_to_uxsim_e2e
1,Morning Session,wm_to_rb,San Agustin,E_optimized_transit,optimized_transit,G-R,Light,Medium,1,rcbc,RCBC Bank (informal),"14.322737, 120.941631",informal,06:03:05,8.0,06:03:12,34.2,schedule_aligned_to_uxsim_e2e
1,Morning Session,wm_to_rb,San Agustin,E_optimized_transit,optimized_transit,G-R,Light,Medium,2,waltermart_int,Waltermart Dasmariñas Intersection Signal,"14.322364, 120.941649",signal,06:03:20,83.2,06:04:43,8.1,schedule_aligned_to_uxsim_e2e
1,Morning Session,wm_to_rb,San Agustin,E_optimized_transit,optimized_transit,G-R,Light,Medium,3,vista_mall,Vista Mall Dasmariñas (formal),"14.316870, 120.944150",formal,06:05:48,8.0,06:05:55,65.2,schedule_aligned_to_uxsim_e2e
1,Morning Session,wm_to_rb,San Agustin,E_optimized_transit,optimized_transit,G-R,Light,Medium,4,villa_verde,Villa Verde (formal),"14.314900, 120.945000",formal,06:06:03,8.0,06:06:10,8.1,schedule_aligned_to_uxsim_e2e
1,Morning Session,wm_to_rb,San Agustin,E_optimized_transit,optimized_transit,G-R,Light,Medium,5,rkp_trading,RKP Trading Corporation (formal),"14.303230, 120.954053",formal,06:08:46,8.0,06:08:53,156.8,schedule_aligned_to_uxsim_e2e
1,Morning Session,wm_to_rb,San Agustin,E_optimized_transit,optimized_transit,G-R,Light,Medium,6,pala_pala,Pala-Pala Intersection Signal,"14.302125, 120.954055",signal,06:09:04,180.0,06:12:04,11.1,schedule_aligned_to_uxsim_e2e
1,Morning Session,wm_to_rb,San Agustin,E_optimized_transit,optimized_transit,G-R,Light,Medium,7,robinsons,Robinson Place Dasmariñas (formal bus stop),"14.300037, 120.954412",terminal_formal,06:12:34,21.5,06:12:55,30.5,schedule_aligned_to_uxsim_e2e
1,Morning Session,wm_to_rb,San Agustin,E_optimized_transit,optimized_transit,R-G,Light,Medium,0,waltermart,Waltermart Dasmariñas (formal bus stop),"14.324939, 120.940955",terminal_formal,06:02:00,17.6,06:02:17,0.0,schedule_aligned_to_uxsim_e2e
1,Morning Session,wm_to_rb,San Agustin,E_optimized_transit,optimized_transit,R-G,Light,Medium,1,rcbc,RCBC Bank (informal),"14.322737, 120.941631",informal,06:02:51,4.4,06:02:55,34.2,schedule_aligned_to_uxsim_e2e
1,Morning Session,wm_to_rb,San Agustin,E_optimized_transit,optimized_transit,R-G,Light,Medium,2,waltermart_int,Waltermart Dasmariñas Intersection Signal,"14.322364, 120.941649",signal,06:03:03,60.0,06:04:03,8.1,schedule_aligned_to_uxsim_e2e
1,Morning Session,wm_to_rb,San Agustin,E_optimized_transit,optimized_transit,R-G,Light,Medium,3,vista_mall,Vista Mall Dasmariñas (formal),"14.316870, 120.944150",formal,06:05:08,4.4,06:05:12,65.2,schedule_aligned_to_uxsim_e2e
1,Morning Session,wm_to_rb,San Agustin,E_optimized_transit,optimized_transit,R-G,Light,Medium,4,villa_verde,Villa Verde (formal),"14.314900, 120.945000",formal,06:05:20,4.4,06:05:24,8.1,schedule_aligned_to_uxsim_e2e
1,Morning Session,wm_to_rb,San Agustin,E_optimized_transit,optimized_transit,R-G,Light,Medium,5,rkp_trading,RKP Trading Corporation (formal),"14.303230, 120.954053",formal,06:08:00,4.4,06:08:04,156.8,schedule_aligned_to_uxsim_e2e
1,Morning Session,wm_to_rb,San Agustin,E_optimized_transit,optimized_transit,R-G,Light,Medium,6,pala_pala,Pala-Pala Intersection Signal,"14.302125, 120.954055",signal,06:08:15,83.2,06:09:38,11.1,schedule_aligned_to_uxsim_e2e
1,Morning Session,wm_to_rb,San Agustin,E_optimized_transit,optimized_transit,R-G,Light,Medium,7,robinsons,Robinson Place Dasmariñas (formal bus stop),"14.300037, 120.954412",terminal_formal,06:10:08,11.8,06:10:19,30.5,schedule_aligned_to_uxsim_e2e
1,Morning Session,wm_to_rb,San Agustin,E_optimized_transit,optimized_transit,R-R,Light,Medium,0,waltermart,Waltermart Dasmariñas (formal bus stop),"14.324939, 120.940955",terminal_formal,06:02:00,31.9,06:02:31,0.0,schedule_aligned_to_uxsim_e2e
1,Morning Session,wm_to_rb,San Agustin,E_optimized_transit,optimized_transit,R-R,Light,Medium,1,rcbc,RCBC Bank (informal),"14.322737, 120.941631",informal,06:03:05,8.0,06:03:12,34.2,schedule_aligned_to_uxsim_e2e
1,Morning Session,wm_to_rb,San Agustin,E_optimized_transit,optimized_transit,R-R,Light,Medium,2,waltermart_int,Waltermart Dasmariñas Intersection Signal,"14.322364, 120.941649",signal,06:03:20,60.0,06:04:20,8.1,schedule_aligned_to_uxsim_e2e
1,Morning Session,wm_to_rb,San Agustin,E_optimized_transit,optimized_transit,R-R,Light,Medium,3,vista_mall,Vista Mall Dasmariñas (formal),"14.316870, 120.944150",formal,06:05:25,8.0,06:05:32,65.2,schedule_aligned_to_uxsim_e2e
1,Morning Session,wm_to_rb,San Agustin,E_optimized_transit,optimized_transit,R-R,Light,Medium,4,villa_verde,Villa Verde (formal),"14.314900, 120.945000",formal,06:05:40,8.0,06:05:47,8.1,schedule_aligned_to_uxsim_e2e
1,Morning Session,wm_to_rb,San Agustin,E_optimized_transit,optimized_transit,R-R,Light,Medium,5,rkp_trading,RKP Trading Corporation (formal),"14.303230, 120.954053",formal,06:08:23,8.0,06:08:30,156.8,schedule_aligned_to_uxsim_e2e
1,Morning Session,wm_to_rb,San Agustin,E_optimized_transit,optimized_transit,R-R,Light,Medium,6,pala_pala,Pala-Pala Intersection Signal,"14.302125, 120.954055",signal,06:08:41,180.0,06:11:41,11.1,schedule_aligned_to_uxsim_e2e
1,Morning Session,wm_to_rb,San Agustin,E_optimized_transit,optimized_transit,R-R,Light,Medium,7,robinsons,Robinson Place Dasmariñas (formal bus stop),"14.300037, 120.954412",terminal_formal,06:12:11,21.5,06:12:32,30.5,schedule_aligned_to_uxsim_e2e
2,Lunch,rb_to_wm,San Agustin,E_optimized_transit,optimized_transit,G-G,Moderate,Low,0,korean_grocery,Informal stop (Korean grocery),"14.300720, 120.954320",informal,12:18:00,33.0,12:18:33,0.0,schedule_aligned_to_uxsim_e2e
2,Lunch,rb_to_wm,San Agustin,E_optimized_transit,optimized_transit,G-G,Moderate,Low,1,pala_pala,Pala-Pala Intersection Signal,"14.302125, 120.954055",signal,12:18:51,105.8,12:20:36,18.7,schedule_aligned_to_uxsim_e2e
2,Lunch,rb_to_wm,San Agustin,E_optimized_transit,optimized_transit,G-G,Moderate,Low,2,seven_eleven,7-Eleven Pala Pala (informal),"14.301972, 120.954139",informal,12:20:44,8.0,12:20:52,8.5,schedule_aligned_to_uxsim_e2e
2,Lunch,rb_to_wm,San Agustin,E_optimized_transit,optimized_transit,G-G,Moderate,Low,3,rkp_trading,RKP Trading Corporation (formal),"14.303230, 120.954053",formal,12:21:00,8.0,12:21:08,8.5,schedule_aligned_to_uxsim_e2e
2,Lunch,rb_to_wm,San Agustin,E_optimized_transit,optimized_transit,G-G,Moderate,Low,4,villa_verde,Villa Verde (formal),"14.314900, 120.945000",formal,12:25:04,8.0,12:25:12,236.9,schedule_aligned_to_uxsim_e2e
2,Lunch,rb_to_wm,San Agustin,E_optimized_transit,optimized_transit,G-G,Moderate,Low,5,vista_mall,Vista Mall Dasmariñas (formal),"14.316870, 120.944150",formal,12:25:20,8.0,12:25:28,8.5,schedule_aligned_to_uxsim_e2e
2,Lunch,rb_to_wm,San Agustin,E_optimized_transit,optimized_transit,G-G,Moderate,Low,6,waltermart_int,Waltermart Dasmariñas Intersection Signal,"14.322364, 120.941649",signal,12:26:58,105.8,12:28:43,90.5,schedule_aligned_to_uxsim_e2e
2,Lunch,rb_to_wm,San Agustin,E_optimized_transit,optimized_transit,G-G,Moderate,Low,7,rcbc,RCBC Bank (informal),"14.322737, 120.941631",informal,12:28:51,8.0,12:28:59,8.5,schedule_aligned_to_uxsim_e2e
2,Lunch,rb_to_wm,San Agustin,E_optimized_transit,optimized_transit,G-G,Moderate,Low,8,waltermart,Waltermart Dasmariñas (formal bus stop),"14.324939, 120.940955",terminal_formal,12:29:34,18.2,12:29:52,35.7,schedule_aligned_to_uxsim_e2e
2,Lunch,rb_to_wm,San Agustin,E_optimized_transit,optimized_transit,G-R,Moderate,Low,0,korean_grocery,Informal stop (Korean grocery),"14.300720, 120.954320",informal,12:18:00,18.2,12:18:18,0.0,schedule_aligned_to_uxsim_e2e
2,Lunch,rb_to_wm,San Agustin,E_optimized_transit,optimized_transit,G-R,Moderate,Low,1,pala_pala,Pala-Pala Intersection Signal,"14.302125, 120.954055",signal,12:18:36,105.8,12:20:21,18.7,schedule_aligned_to_uxsim_e2e
2,Lunch,rb_to_wm,San Agustin,E_optimized_transit,optimized_transit,G-R,Moderate,Low,2,seven_eleven,7-Eleven Pala Pala (informal),"14.301972, 120.954139",informal,12:20:29,4.4,12:20:33,8.5,schedule_aligned_to_uxsim_e2e
2,Lunch,rb_to_wm,San Agustin,E_optimized_transit,optimized_transit,G-R,Moderate,Low,3,rkp_trading,RKP Trading Corporation (formal),"14.303230, 120.954053",formal,12:20:41,4.4,12:20:45,8.5,schedule_aligned_to_uxsim_e2e
2,Lunch,rb_to_wm,San Agustin,E_optimized_transit,optimized_transit,G-R,Moderate,Low,4,villa_verde,Villa Verde (formal),"14.314900, 120.945000",formal,12:24:41,4.4,12:24:45,236.8,schedule_aligned_to_uxsim_e2e
2,Lunch,rb_to_wm,San Agustin,E_optimized_transit,optimized_transit,G-R,Moderate,Low,5,vista_mall,Vista Mall Dasmariñas (formal),"14.316870, 120.944150",formal,12:24:53,4.4,12:24:57,8.5,schedule_aligned_to_uxsim_e2e
2,Lunch,rb_to_wm,San Agustin,E_optimized_transit,optimized_transit,G-R,Moderate,Low,6,waltermart_int,Waltermart Dasmariñas Intersection Signal,"14.322364, 120.941649",signal,12:26:27,74.8,12:27:41,90.5,schedule_aligned_to_uxsim_e2e
2,Lunch,rb_to_wm,San Agustin,E_optimized_transit,optimized_transit,G-R,Moderate,Low,7,rcbc,RCBC Bank (informal),"14.322737, 120.941631",informal,12:27:49,4.4,12:27:53,8.5,schedule_aligned_to_uxsim_e2e
2,Lunch,rb_to_wm,San Agustin,E_optimized_transit,optimized_transit,G-R,Moderate,Low,8,waltermart,Waltermart Dasmariñas (formal bus stop),"14.324939, 120.940955",terminal_formal,12:28:28,10.0,12:28:38,35.7,schedule_aligned_to_uxsim_e2e
2,Lunch,rb_to_wm,San Agustin,E_optimized_transit,optimized_transit,R-G,Moderate,Low,0,korean_grocery,Informal stop (Korean grocery),"14.300720, 120.954320",informal,12:18:00,33.0,12:18:33,0.0,schedule_aligned_to_uxsim_e2e
2,Lunch,rb_to_wm,San Agustin,E_optimized_transit,optimized_transit,R-G,Moderate,Low,1,pala_pala,Pala-Pala Intersection Signal,"14.302125, 120.954055",signal,12:18:51,199.8,12:22:10,18.7,schedule_aligned_to_uxsim_e2e
2,Lunch,rb_to_wm,San Agustin,E_optimized_transit,optimized_transit,R-G,Moderate,Low,2,seven_eleven,7-Eleven Pala Pala (informal),"14.301972, 120.954139",informal,12:22:18,8.0,12:22:26,8.5,schedule_aligned_to_uxsim_e2e
2,Lunch,rb_to_wm,San Agustin,E_optimized_transit,optimized_transit,R-G,Moderate,Low,3,rkp_trading,RKP Trading Corporation (formal),"14.303230, 120.954053",formal,12:22:34,8.0,12:22:42,8.5,schedule_aligned_to_uxsim_e2e
2,Lunch,rb_to_wm,San Agustin,E_optimized_transit,optimized_transit,R-G,Moderate,Low,4,villa_verde,Villa Verde (formal),"14.314900, 120.945000",formal,12:26:38,8.0,12:26:46,236.9,schedule_aligned_to_uxsim_e2e
2,Lunch,rb_to_wm,San Agustin,E_optimized_transit,optimized_transit,R-G,Moderate,Low,5,vista_mall,Vista Mall Dasmariñas (formal),"14.316870, 120.944150",formal,12:26:54,8.0,12:27:02,8.5,schedule_aligned_to_uxsim_e2e
2,Lunch,rb_to_wm,San Agustin,E_optimized_transit,optimized_transit,R-G,Moderate,Low,6,waltermart_int,Waltermart Dasmariñas Intersection Signal,"14.322364, 120.941649",signal,12:28:32,105.8,12:30:17,90.5,schedule_aligned_to_uxsim_e2e
2,Lunch,rb_to_wm,San Agustin,E_optimized_transit,optimized_transit,R-G,Moderate,Low,7,rcbc,RCBC Bank (informal),"14.322737, 120.941631",informal,12:30:25,8.0,12:30:33,8.5,schedule_aligned_to_uxsim_e2e
2,Lunch,rb_to_wm,San Agustin,E_optimized_transit,optimized_transit,R-G,Moderate,Low,8,waltermart,Waltermart Dasmariñas (formal bus stop),"14.324939, 120.940955",terminal_formal,12:31:08,18.2,12:31:26,35.7,schedule_aligned_to_uxsim_e2e
2,Lunch,rb_to_wm,San Agustin,E_optimized_transit,optimized_transit,R-R,Moderate,Low,0,korean_grocery,Informal stop (Korean grocery),"14.300720, 120.954320",informal,12:18:00,33.0,12:18:33,0.0,schedule_aligned_to_uxsim_e2e
2,Lunch,rb_to_wm,San Agustin,E_optimized_transit,optimized_transit,R-R,Moderate,Low,1,pala_pala,Pala-Pala Intersection Signal,"14.302125, 120.954055",signal,12:18:51,199.8,12:22:10,18.7,schedule_aligned_to_uxsim_e2e
2,Lunch,rb_to_wm,San Agustin,E_optimized_transit,optimized_transit,R-R,Moderate,Low,2,seven_eleven,7-Eleven Pala Pala (informal),"14.301972, 120.954139",informal,12:22:18,8.0,12:22:26,8.5,schedule_aligned_to_uxsim_e2e
2,Lunch,rb_to_wm,San Agustin,E_optimized_transit,optimized_transit,R-R,Moderate,Low,3,rkp_trading,RKP Trading Corporation (formal),"14.303230, 120.954053",formal,12:22:34,8.0,12:22:42,8.5,schedule_aligned_to_uxsim_e2e
2,Lunch,rb_to_wm,San Agustin,E_optimized_transit,optimized_transit,R-R,Moderate,Low,4,villa_verde,Villa Verde (formal),"14.314900, 120.945000",formal,12:26:38,8.0,12:26:46,236.9,schedule_aligned_to_uxsim_e2e
2,Lunch,rb_to_wm,San Agustin,E_optimized_transit,optimized_transit,R-R,Moderate,Low,5,vista_mall,Vista Mall Dasmariñas (formal),"14.316870, 120.944150",formal,12:26:54,8.0,12:27:02,8.5,schedule_aligned_to_uxsim_e2e
2,Lunch,rb_to_wm,San Agustin,E_optimized_transit,optimized_transit,R-R,Moderate,Low,6,waltermart_int,Waltermart Dasmariñas Intersection Signal,"14.322364, 120.941649",signal,12:28:32,74.8,12:29:46,90.5,schedule_aligned_to_uxsim_e2e
2,Lunch,rb_to_wm,San Agustin,E_optimized_transit,optimized_transit,R-R,Moderate,Low,7,rcbc,RCBC Bank (informal),"14.322737, 120.941631",informal,12:29:54,8.0,12:30:02,8.5,schedule_aligned_to_uxsim_e2e
2,Lunch,rb_to_wm,San Agustin,E_optimized_transit,optimized_transit,R-R,Moderate,Low,8,waltermart,Waltermart Dasmariñas (formal bus stop),"14.324939, 120.940955",terminal_formal,12:30:37,18.2,12:30:55,35.7,schedule_aligned_to_uxsim_e2e
3,Afternoon Session,rb_to_wm,San Agustin,E_optimized_transit,optimized_transit,G-G,Heavy,Medium,0,korean_grocery,Informal stop (Korean grocery),"14.300720, 120.954320",informal,16:22:00,15.0,16:22:15,0.0,schedule_aligned_to_uxsim_e2e
3,Afternoon Session,rb_to_wm,San Agustin,E_optimized_transit,optimized_transit,G-G,Heavy,Medium,1,pala_pala,Pala-Pala Intersection Signal,"14.302125, 120.954055",signal,16:22:52,330.3,16:28:22,37.1,schedule_aligned_to_uxsim_e2e
3,Afternoon Session,rb_to_wm,San Agustin,E_optimized_transit,optimized_transit,G-G,Heavy,Medium,2,seven_eleven,7-Eleven Pala Pala (informal),"14.301972, 120.954139",informal,16:28:38,28.2,16:29:06,16.9,schedule_aligned_to_uxsim_e2e
3,Afternoon Session,rb_to_wm,San Agustin,E_optimized_transit,optimized_transit,G-G,Heavy,Medium,3,rkp_trading,RKP Trading Corporation (formal),"14.303230, 120.954053",formal,16:29:22,28.2,16:29:50,16.9,schedule_aligned_to_uxsim_e2e
3,Afternoon Session,rb_to_wm,San Agustin,E_optimized_transit,optimized_transit,G-G,Heavy,Medium,4,villa_verde,Villa Verde (formal),"14.314900, 120.945000",formal,16:37:40,28.2,16:38:08,470.4,schedule_aligned_to_uxsim_e2e
3,Afternoon Session,rb_to_wm,San Agustin,E_optimized_transit,optimized_transit,G-G,Heavy,Medium,5,vista_mall,Vista Mall Dasmariñas (formal),"14.316870, 120.944150",formal,16:38:24,28.2,16:38:52,16.9,schedule_aligned_to_uxsim_e2e
3,Afternoon Session,rb_to_wm,San Agustin,E_optimized_transit,optimized_transit,G-G,Heavy,Medium,6,waltermart_int,Waltermart Dasmariñas Intersection Signal,"14.322364, 120.941649",signal,16:41:51,330.3,16:47:21,179.8,schedule_aligned_to_uxsim_e2e
3,Afternoon Session,rb_to_wm,San Agustin,E_optimized_transit,optimized_transit,G-G,Heavy,Medium,7,rcbc,RCBC Bank (informal),"14.322737, 120.941631",informal,16:47:37,28.2,16:48:05,16.9,schedule_aligned_to_uxsim_e2e
3,Afternoon Session,rb_to_wm,San Agustin,E_optimized_transit,optimized_transit,G-G,Heavy,Medium,8,waltermart,Waltermart Dasmariñas (formal bus stop),"14.324939, 120.940955",terminal_formal,16:49:15,28.2,16:49:43,70.9,schedule_aligned_to_uxsim_e2e
3,Afternoon Session,rb_to_wm,San Agustin,E_optimized_transit,optimized_transit,G-R,Heavy,Medium,0,korean_grocery,Informal stop (Korean grocery),"14.300720, 120.954320",informal,16:22:00,15.0,16:22:15,0.0,schedule_aligned_to_uxsim_e2e
3,Afternoon Session,rb_to_wm,San Agustin,E_optimized_transit,optimized_transit,G-R,Heavy,Medium,1,pala_pala,Pala-Pala Intersection Signal,"14.302125, 120.954055",signal,16:22:59,330.3,16:28:29,44.9,schedule_aligned_to_uxsim_e2e
3,Afternoon Session,rb_to_wm,San Agustin,E_optimized_transit,optimized_transit,G-R,Heavy,Medium,2,seven_eleven,7-Eleven Pala Pala (informal),"14.301972, 120.954139",informal,16:28:49,28.2,16:29:17,20.4,schedule_aligned_to_uxsim_e2e
3,Afternoon Session,rb_to_wm,San Agustin,E_optimized_transit,optimized_transit,G-R,Heavy,Medium,3,rkp_trading,RKP Trading Corporation (formal),"14.303230, 120.954053",formal,16:29:37,28.2,16:30:05,20.4,schedule_aligned_to_uxsim_e2e
3,Afternoon Session,rb_to_wm,San Agustin,E_optimized_transit,optimized_transit,G-R,Heavy,Medium,4,villa_verde,Villa Verde (formal),"14.314900, 120.945000",formal,16:39:33,28.2,16:40:01,568.7,schedule_aligned_to_uxsim_e2e
3,Afternoon Session,rb_to_wm,San Agustin,E_optimized_transit,optimized_transit,G-R,Heavy,Medium,5,vista_mall,Vista Mall Dasmariñas (formal),"14.316870, 120.944150",formal,16:40:21,28.2,16:40:49,20.4,schedule_aligned_to_uxsim_e2e
3,Afternoon Session,rb_to_wm,San Agustin,E_optimized_transit,optimized_transit,G-R,Heavy,Medium,6,waltermart_int,Waltermart Dasmariñas Intersection Signal,"14.322364, 120.941649",signal,16:44:26,157.8,16:47:03,217.3,schedule_aligned_to_uxsim_e2e
3,Afternoon Session,rb_to_wm,San Agustin,E_optimized_transit,optimized_transit,G-R,Heavy,Medium,7,rcbc,RCBC Bank (informal),"14.322737, 120.941631",informal,16:47:23,28.2,16:47:51,20.4,schedule_aligned_to_uxsim_e2e
3,Afternoon Session,rb_to_wm,San Agustin,E_optimized_transit,optimized_transit,G-R,Heavy,Medium,8,waltermart,Waltermart Dasmariñas (formal bus stop),"14.324939, 120.940955",terminal_formal,16:49:16,28.2,16:49:44,85.7,schedule_aligned_to_uxsim_e2e
3,Afternoon Session,rb_to_wm,San Agustin,E_optimized_transit,optimized_transit,R-G,Heavy,Medium,0,korean_grocery,Informal stop (Korean grocery),"14.300720, 120.954320",informal,16:22:00,15.0,16:22:15,0.0,schedule_aligned_to_uxsim_e2e
3,Afternoon Session,rb_to_wm,San Agustin,E_optimized_transit,optimized_transit,R-G,Heavy,Medium,1,pala_pala,Pala-Pala Intersection Signal,"14.302125, 120.954055",signal,16:22:53,302.8,16:27:55,38.4,schedule_aligned_to_uxsim_e2e
3,Afternoon Session,rb_to_wm,San Agustin,E_optimized_transit,optimized_transit,R-G,Heavy,Medium,2,seven_eleven,7-Eleven Pala Pala (informal),"14.301972, 120.954139",informal,16:28:12,28.2,16:28:40,17.4,schedule_aligned_to_uxsim_e2e
3,Afternoon Session,rb_to_wm,San Agustin,E_optimized_transit,optimized_transit,R-G,Heavy,Medium,3,rkp_trading,RKP Trading Corporation (formal),"14.303230, 120.954053",formal,16:28:57,28.2,16:29:25,17.4,schedule_aligned_to_uxsim_e2e
3,Afternoon Session,rb_to_wm,San Agustin,E_optimized_transit,optimized_transit,R-G,Heavy,Medium,4,villa_verde,Villa Verde (formal),"14.314900, 120.945000",formal,16:37:31,28.2,16:37:59,486.1,schedule_aligned_to_uxsim_e2e
3,Afternoon Session,rb_to_wm,San Agustin,E_optimized_transit,optimized_transit,R-G,Heavy,Medium,5,vista_mall,Vista Mall Dasmariñas (formal),"14.316870, 120.944150",formal,16:38:16,28.2,16:38:44,17.4,schedule_aligned_to_uxsim_e2e
3,Afternoon Session,rb_to_wm,San Agustin,E_optimized_transit,optimized_transit,R-G,Heavy,Medium,6,waltermart_int,Waltermart Dasmariñas Intersection Signal,"14.322364, 120.941649",signal,16:41:49,330.3,16:47:19,185.8,schedule_aligned_to_uxsim_e2e
3,Afternoon Session,rb_to_wm,San Agustin,E_optimized_transit,optimized_transit,R-G,Heavy,Medium,7,rcbc,RCBC Bank (informal),"14.322737, 120.941631",informal,16:47:36,28.2,16:48:04,17.4,schedule_aligned_to_uxsim_e2e
3,Afternoon Session,rb_to_wm,San Agustin,E_optimized_transit,optimized_transit,R-G,Heavy,Medium,8,waltermart,Waltermart Dasmariñas (formal bus stop),"14.324939, 120.940955",terminal_formal,16:49:17,28.2,16:49:45,73.2,schedule_aligned_to_uxsim_e2e
3,Afternoon Session,rb_to_wm,San Agustin,E_optimized_transit,optimized_transit,R-R,Heavy,Medium,0,korean_grocery,Informal stop (Korean grocery),"14.300720, 120.954320",informal,16:22:00,15.0,16:22:15,0.0,schedule_aligned_to_uxsim_e2e
3,Afternoon Session,rb_to_wm,San Agustin,E_optimized_transit,optimized_transit,R-R,Heavy,Medium,1,pala_pala,Pala-Pala Intersection Signal,"14.302125, 120.954055",signal,16:23:01,302.8,16:28:03,46.1,schedule_aligned_to_uxsim_e2e
3,Afternoon Session,rb_to_wm,San Agustin,E_optimized_transit,optimized_transit,R-R,Heavy,Medium,2,seven_eleven,7-Eleven Pala Pala (informal),"14.301972, 120.954139",informal,16:28:23,28.2,16:28:51,21.0,schedule_aligned_to_uxsim_e2e
3,Afternoon Session,rb_to_wm,San Agustin,E_optimized_transit,optimized_transit,R-R,Heavy,Medium,3,rkp_trading,RKP Trading Corporation (formal),"14.303230, 120.954053",formal,16:29:11,28.2,16:29:39,21.0,schedule_aligned_to_uxsim_e2e
3,Afternoon Session,rb_to_wm,San Agustin,E_optimized_transit,optimized_transit,R-R,Heavy,Medium,4,villa_verde,Villa Verde (formal),"14.314900, 120.945000",formal,16:39:23,28.2,16:39:51,584.5,schedule_aligned_to_uxsim_e2e
3,Afternoon Session,rb_to_wm,San Agustin,E_optimized_transit,optimized_transit,R-R,Heavy,Medium,5,vista_mall,Vista Mall Dasmariñas (formal),"14.316870, 120.944150",formal,16:40:11,28.2,16:40:39,21.0,schedule_aligned_to_uxsim_e2e
3,Afternoon Session,rb_to_wm,San Agustin,E_optimized_transit,optimized_transit,R-R,Heavy,Medium,6,waltermart_int,Waltermart Dasmariñas Intersection Signal,"14.322364, 120.941649",signal,16:44:22,157.8,16:46:59,223.4,schedule_aligned_to_uxsim_e2e
3,Afternoon Session,rb_to_wm,San Agustin,E_optimized_transit,optimized_transit,R-R,Heavy,Medium,7,rcbc,RCBC Bank (informal),"14.322737, 120.941631",informal,16:47:19,28.2,16:47:47,21.0,schedule_aligned_to_uxsim_e2e
3,Afternoon Session,rb_to_wm,San Agustin,E_optimized_transit,optimized_transit,R-R,Heavy,Medium,8,waltermart,Waltermart Dasmariñas (formal bus stop),"14.324939, 120.940955",terminal_formal,16:49:15,28.2,16:49:43,88.1,schedule_aligned_to_uxsim_e2e
4,Morning Session,rb_to_wm,San Agustin Transport Service Corp.,E_optimized_transit,optimized_transit,G-G,Light,Low,0,korean_grocery,Informal stop (Korean grocery),"14.300720, 120.954320",informal,06:12:00,17.0,06:12:16,0.0,schedule_aligned_to_uxsim_e2e
4,Morning Session,rb_to_wm,San Agustin Transport Service Corp.,E_optimized_transit,optimized_transit,G-G,Light,Low,1,pala_pala,Pala-Pala Intersection Signal,"14.302125, 120.954055",signal,06:12:34,83.2,06:13:57,18.4,schedule_aligned_to_uxsim_e2e
4,Morning Session,rb_to_wm,San Agustin Transport Service Corp.,E_optimized_transit,optimized_transit,G-G,Light,Low,2,seven_eleven,7-Eleven Pala Pala (informal),"14.301972, 120.954139",informal,06:14:05,8.0,06:14:12,8.3,schedule_aligned_to_uxsim_e2e
4,Morning Session,rb_to_wm,San Agustin Transport Service Corp.,E_optimized_transit,optimized_transit,G-G,Light,Low,3,rkp_trading,RKP Trading Corporation (formal),"14.303230, 120.954053",formal,06:14:20,8.0,06:14:27,8.3,schedule_aligned_to_uxsim_e2e
4,Morning Session,rb_to_wm,San Agustin Transport Service Corp.,E_optimized_transit,optimized_transit,G-G,Light,Low,4,villa_verde,Villa Verde (formal),"14.314900, 120.945000",formal,06:17:07,8.0,06:17:14,160.6,schedule_aligned_to_uxsim_e2e
4,Morning Session,rb_to_wm,San Agustin Transport Service Corp.,E_optimized_transit,optimized_transit,G-G,Light,Low,5,vista_mall,Vista Mall Dasmariñas (formal),"14.316870, 120.944150",formal,06:17:22,8.0,06:17:29,8.3,schedule_aligned_to_uxsim_e2e
4,Morning Session,rb_to_wm,San Agustin Transport Service Corp.,E_optimized_transit,optimized_transit,G-G,Light,Low,6,waltermart_int,Waltermart Dasmariñas Intersection Signal,"14.322364, 120.941649",signal,06:18:35,83.2,06:19:58,66.7,schedule_aligned_to_uxsim_e2e
4,Morning Session,rb_to_wm,San Agustin Transport Service Corp.,E_optimized_transit,optimized_transit,G-G,Light,Low,7,rcbc,RCBC Bank (informal),"14.322737, 120.941631",informal,06:20:06,8.0,06:20:13,8.3,schedule_aligned_to_uxsim_e2e
4,Morning Session,rb_to_wm,San Agustin Transport Service Corp.,E_optimized_transit,optimized_transit,G-G,Light,Low,8,waltermart,Waltermart Dasmariñas (formal bus stop),"14.324939, 120.940955",terminal_formal,06:20:48,19.0,06:21:06,35.0,schedule_aligned_to_uxsim_e2e
4,Morning Session,rb_to_wm,San Agustin Transport Service Corp.,E_optimized_transit,optimized_transit,G-R,Light,Low,0,korean_grocery,Informal stop (Korean grocery),"14.300720, 120.954320",informal,06:12:00,9.4,06:12:09,0.0,schedule_aligned_to_uxsim_e2e
4,Morning Session,rb_to_wm,San Agustin Transport Service Corp.,E_optimized_transit,optimized_transit,G-R,Light,Low,1,pala_pala,Pala-Pala Intersection Signal,"14.302125, 120.954055",signal,06:12:27,83.2,06:13:50,18.4,schedule_aligned_to_uxsim_e2e
4,Morning Session,rb_to_wm,San Agustin Transport Service Corp.,E_optimized_transit,optimized_transit,G-R,Light,Low,2,seven_eleven,7-Eleven Pala Pala (informal),"14.301972, 120.954139",informal,06:13:58,4.4,06:14:02,8.3,schedule_aligned_to_uxsim_e2e
4,Morning Session,rb_to_wm,San Agustin Transport Service Corp.,E_optimized_transit,optimized_transit,G-R,Light,Low,3,rkp_trading,RKP Trading Corporation (formal),"14.303230, 120.954053",formal,06:14:10,4.4,06:14:14,8.3,schedule_aligned_to_uxsim_e2e
4,Morning Session,rb_to_wm,San Agustin Transport Service Corp.,E_optimized_transit,optimized_transit,G-R,Light,Low,4,villa_verde,Villa Verde (formal),"14.314900, 120.945000",formal,06:16:54,4.4,06:16:58,160.6,schedule_aligned_to_uxsim_e2e
4,Morning Session,rb_to_wm,San Agustin Transport Service Corp.,E_optimized_transit,optimized_transit,G-R,Light,Low,5,vista_mall,Vista Mall Dasmariñas (formal),"14.316870, 120.944150",formal,06:17:06,4.4,06:17:10,8.3,schedule_aligned_to_uxsim_e2e
4,Morning Session,rb_to_wm,San Agustin Transport Service Corp.,E_optimized_transit,optimized_transit,G-R,Light,Low,6,waltermart_int,Waltermart Dasmariñas Intersection Signal,"14.322364, 120.941649",signal,06:18:16,60.0,06:19:16,66.7,schedule_aligned_to_uxsim_e2e
4,Morning Session,rb_to_wm,San Agustin Transport Service Corp.,E_optimized_transit,optimized_transit,G-R,Light,Low,7,rcbc,RCBC Bank (informal),"14.322737, 120.941631",informal,06:19:24,4.4,06:19:28,8.3,schedule_aligned_to_uxsim_e2e
4,Morning Session,rb_to_wm,San Agustin Transport Service Corp.,E_optimized_transit,optimized_transit,G-R,Light,Low,8,waltermart,Waltermart Dasmariñas (formal bus stop),"14.324939, 120.940955",terminal_formal,06:20:03,10.5,06:20:13,35.0,schedule_aligned_to_uxsim_e2e
4,Morning Session,rb_to_wm,San Agustin Transport Service Corp.,E_optimized_transit,optimized_transit,R-G,Light,Low,0,korean_grocery,Informal stop (Korean grocery),"14.300720, 120.954320",informal,06:12:00,17.0,06:12:16,0.0,schedule_aligned_to_uxsim_e2e
4,Morning Session,rb_to_wm,San Agustin Transport Service Corp.,E_optimized_transit,optimized_transit,R-G,Light,Low,1,pala_pala,Pala-Pala Intersection Signal,"14.302125, 120.954055",signal,06:12:34,180.0,06:15:34,18.4,schedule_aligned_to_uxsim_e2e
4,Morning Session,rb_to_wm,San Agustin Transport Service Corp.,E_optimized_transit,optimized_transit,R-G,Light,Low,2,seven_eleven,7-Eleven Pala Pala (informal),"14.301972, 120.954139",informal,06:15:42,8.0,06:15:49,8.3,schedule_aligned_to_uxsim_e2e
4,Morning Session,rb_to_wm,San Agustin Transport Service Corp.,E_optimized_transit,optimized_transit,R-G,Light,Low,3,rkp_trading,RKP Trading Corporation (formal),"14.303230, 120.954053",formal,06:15:57,8.0,06:16:04,8.3,schedule_aligned_to_uxsim_e2e
4,Morning Session,rb_to_wm,San Agustin Transport Service Corp.,E_optimized_transit,optimized_transit,R-G,Light,Low,4,villa_verde,Villa Verde (formal),"14.314900, 120.945000",formal,06:18:44,8.0,06:18:51,160.6,schedule_aligned_to_uxsim_e2e
4,Morning Session,rb_to_wm,San Agustin Transport Service Corp.,E_optimized_transit,optimized_transit,R-G,Light,Low,5,vista_mall,Vista Mall Dasmariñas (formal),"14.316870, 120.944150",formal,06:18:59,8.0,06:19:06,8.3,schedule_aligned_to_uxsim_e2e
4,Morning Session,rb_to_wm,San Agustin Transport Service Corp.,E_optimized_transit,optimized_transit,R-G,Light,Low,6,waltermart_int,Waltermart Dasmariñas Intersection Signal,"14.322364, 120.941649",signal,06:20:12,83.2,06:21:35,66.7,schedule_aligned_to_uxsim_e2e
4,Morning Session,rb_to_wm,San Agustin Transport Service Corp.,E_optimized_transit,optimized_transit,R-G,Light,Low,7,rcbc,RCBC Bank (informal),"14.322737, 120.941631",informal,06:21:43,8.0,06:21:50,8.3,schedule_aligned_to_uxsim_e2e
4,Morning Session,rb_to_wm,San Agustin Transport Service Corp.,E_optimized_transit,optimized_transit,R-G,Light,Low,8,waltermart,Waltermart Dasmariñas (formal bus stop),"14.324939, 120.940955",terminal_formal,06:22:25,19.0,06:22:43,35.0,schedule_aligned_to_uxsim_e2e
4,Morning Session,rb_to_wm,San Agustin Transport Service Corp.,E_optimized_transit,optimized_transit,R-R,Light,Low,0,korean_grocery,Informal stop (Korean grocery),"14.300720, 120.954320",informal,06:12:00,16.9,06:12:16,0.0,schedule_aligned_to_uxsim_e2e
4,Morning Session,rb_to_wm,San Agustin Transport Service Corp.,E_optimized_transit,optimized_transit,R-R,Light,Low,1,pala_pala,Pala-Pala Intersection Signal,"14.302125, 120.954055",signal,06:12:34,180.0,06:15:34,18.4,schedule_aligned_to_uxsim_e2e
4,Morning Session,rb_to_wm,San Agustin Transport Service Corp.,E_optimized_transit,optimized_transit,R-R,Light,Low,2,seven_eleven,7-Eleven Pala Pala (informal),"14.301972, 120.954139",informal,06:15:42,8.0,06:15:49,8.3,schedule_aligned_to_uxsim_e2e
4,Morning Session,rb_to_wm,San Agustin Transport Service Corp.,E_optimized_transit,optimized_transit,R-R,Light,Low,3,rkp_trading,RKP Trading Corporation (formal),"14.303230, 120.954053",formal,06:15:57,8.0,06:16:04,8.3,schedule_aligned_to_uxsim_e2e
4,Morning Session,rb_to_wm,San Agustin Transport Service Corp.,E_optimized_transit,optimized_transit,R-R,Light,Low,4,villa_verde,Villa Verde (formal),"14.314900, 120.945000",formal,06:18:44,8.0,06:18:51,160.6,schedule_aligned_to_uxsim_e2e
4,Morning Session,rb_to_wm,San Agustin Transport Service Corp.,E_optimized_transit,optimized_transit,R-R,Light,Low,5,vista_mall,Vista Mall Dasmariñas (formal),"14.316870, 120.944150",formal,06:18:59,8.0,06:19:06,8.3,schedule_aligned_to_uxsim_e2e
4,Morning Session,rb_to_wm,San Agustin Transport Service Corp.,E_optimized_transit,optimized_transit,R-R,Light,Low,6,waltermart_int,Waltermart Dasmariñas Intersection Signal,"14.322364, 120.941649",signal,06:20:12,60.0,06:21:12,66.7,schedule_aligned_to_uxsim_e2e
4,Morning Session,rb_to_wm,San Agustin Transport Service Corp.,E_optimized_transit,optimized_transit,R-R,Light,Low,7,rcbc,RCBC Bank (informal),"14.322737, 120.941631",informal,06:21:20,8.0,06:21:27,8.3,schedule_aligned_to_uxsim_e2e
4,Morning Session,rb_to_wm,San Agustin Transport Service Corp.,E_optimized_transit,optimized_transit,R-R,Light,Low,8,waltermart,Waltermart Dasmariñas (formal bus stop),"14.324939, 120.940955",terminal_formal,06:22:02,19.0,06:22:20,35.0,schedule_aligned_to_uxsim_e2e
5,Morning Session,rb_to_wm,San Agustin Transport Service Corp.,E_optimized_transit,optimized_transit,G-G,Light,Low,0,korean_grocery,Informal stop (Korean grocery),"14.300720, 120.954320",informal,06:41:00,24.0,06:41:23,0.0,schedule_aligned_to_uxsim_e2e
5,Morning Session,rb_to_wm,San Agustin Transport Service Corp.,E_optimized_transit,optimized_transit,G-G,Light,Low,1,pala_pala,Pala-Pala Intersection Signal,"14.302125, 120.954055",signal,06:41:41,83.2,06:43:04,18.4,schedule_aligned_to_uxsim_e2e
5,Morning Session,rb_to_wm,San Agustin Transport Service Corp.,E_optimized_transit,optimized_transit,G-G,Light,Low,2,seven_eleven,7-Eleven Pala Pala (informal),"14.301972, 120.954139",informal,06:43:12,8.0,06:43:19,8.3,schedule_aligned_to_uxsim_e2e
5,Morning Session,rb_to_wm,San Agustin Transport Service Corp.,E_optimized_transit,optimized_transit,G-G,Light,Low,3,rkp_trading,RKP Trading Corporation (formal),"14.303230, 120.954053",formal,06:43:27,8.0,06:43:34,8.3,schedule_aligned_to_uxsim_e2e
5,Morning Session,rb_to_wm,San Agustin Transport Service Corp.,E_optimized_transit,optimized_transit,G-G,Light,Low,4,villa_verde,Villa Verde (formal),"14.314900, 120.945000",formal,06:46:14,8.0,06:46:21,160.6,schedule_aligned_to_uxsim_e2e
5,Morning Session,rb_to_wm,San Agustin Transport Service Corp.,E_optimized_transit,optimized_transit,G-G,Light,Low,5,vista_mall,Vista Mall Dasmariñas (formal),"14.316870, 120.944150",formal,06:46:29,8.0,06:46:36,8.3,schedule_aligned_to_uxsim_e2e
5,Morning Session,rb_to_wm,San Agustin Transport Service Corp.,E_optimized_transit,optimized_transit,G-G,Light,Low,6,waltermart_int,Waltermart Dasmariñas Intersection Signal,"14.322364, 120.941649",signal,06:47:42,83.2,06:49:05,66.7,schedule_aligned_to_uxsim_e2e
5,Morning Session,rb_to_wm,San Agustin Transport Service Corp.,E_optimized_transit,optimized_transit,G-G,Light,Low,7,rcbc,RCBC Bank (informal),"14.322737, 120.941631",informal,06:49:13,8.0,06:49:20,8.3,schedule_aligned_to_uxsim_e2e
5,Morning Session,rb_to_wm,San Agustin Transport Service Corp.,E_optimized_transit,optimized_transit,G-G,Light,Low,8,waltermart,Waltermart Dasmariñas (formal bus stop),"14.324939, 120.940955",terminal_formal,06:49:55,19.0,06:50:13,35.0,schedule_aligned_to_uxsim_e2e
5,Morning Session,rb_to_wm,San Agustin Transport Service Corp.,E_optimized_transit,optimized_transit,G-R,Light,Low,0,korean_grocery,Informal stop (Korean grocery),"14.300720, 120.954320",informal,06:41:00,13.2,06:41:13,0.0,schedule_aligned_to_uxsim_e2e
5,Morning Session,rb_to_wm,San Agustin Transport Service Corp.,E_optimized_transit,optimized_transit,G-R,Light,Low,1,pala_pala,Pala-Pala Intersection Signal,"14.302125, 120.954055",signal,06:41:31,83.2,06:42:54,18.4,schedule_aligned_to_uxsim_e2e
5,Morning Session,rb_to_wm,San Agustin Transport Service Corp.,E_optimized_transit,optimized_transit,G-R,Light,Low,2,seven_eleven,7-Eleven Pala Pala (informal),"14.301972, 120.954139",informal,06:43:02,4.4,06:43:06,8.3,schedule_aligned_to_uxsim_e2e
5,Morning Session,rb_to_wm,San Agustin Transport Service Corp.,E_optimized_transit,optimized_transit,G-R,Light,Low,3,rkp_trading,RKP Trading Corporation (formal),"14.303230, 120.954053",formal,06:43:14,4.4,06:43:18,8.3,schedule_aligned_to_uxsim_e2e
5,Morning Session,rb_to_wm,San Agustin Transport Service Corp.,E_optimized_transit,optimized_transit,G-R,Light,Low,4,villa_verde,Villa Verde (formal),"14.314900, 120.945000",formal,06:45:58,4.4,06:46:02,160.6,schedule_aligned_to_uxsim_e2e
5,Morning Session,rb_to_wm,San Agustin Transport Service Corp.,E_optimized_transit,optimized_transit,G-R,Light,Low,5,vista_mall,Vista Mall Dasmariñas (formal),"14.316870, 120.944150",formal,06:46:10,4.4,06:46:14,8.3,schedule_aligned_to_uxsim_e2e
5,Morning Session,rb_to_wm,San Agustin Transport Service Corp.,E_optimized_transit,optimized_transit,G-R,Light,Low,6,waltermart_int,Waltermart Dasmariñas Intersection Signal,"14.322364, 120.941649",signal,06:47:20,60.0,06:48:20,66.7,schedule_aligned_to_uxsim_e2e
5,Morning Session,rb_to_wm,San Agustin Transport Service Corp.,E_optimized_transit,optimized_transit,G-R,Light,Low,7,rcbc,RCBC Bank (informal),"14.322737, 120.941631",informal,06:48:28,4.4,06:48:32,8.3,schedule_aligned_to_uxsim_e2e
5,Morning Session,rb_to_wm,San Agustin Transport Service Corp.,E_optimized_transit,optimized_transit,G-R,Light,Low,8,waltermart,Waltermart Dasmariñas (formal bus stop),"14.324939, 120.940955",terminal_formal,06:49:07,10.5,06:49:17,35.0,schedule_aligned_to_uxsim_e2e
5,Morning Session,rb_to_wm,San Agustin Transport Service Corp.,E_optimized_transit,optimized_transit,R-G,Light,Low,0,korean_grocery,Informal stop (Korean grocery),"14.300720, 120.954320",informal,06:41:00,23.9,06:41:23,0.0,schedule_aligned_to_uxsim_e2e
5,Morning Session,rb_to_wm,San Agustin Transport Service Corp.,E_optimized_transit,optimized_transit,R-G,Light,Low,1,pala_pala,Pala-Pala Intersection Signal,"14.302125, 120.954055",signal,06:41:41,180.0,06:44:41,18.4,schedule_aligned_to_uxsim_e2e
5,Morning Session,rb_to_wm,San Agustin Transport Service Corp.,E_optimized_transit,optimized_transit,R-G,Light,Low,2,seven_eleven,7-Eleven Pala Pala (informal),"14.301972, 120.954139",informal,06:44:49,8.0,06:44:56,8.3,schedule_aligned_to_uxsim_e2e
5,Morning Session,rb_to_wm,San Agustin Transport Service Corp.,E_optimized_transit,optimized_transit,R-G,Light,Low,3,rkp_trading,RKP Trading Corporation (formal),"14.303230, 120.954053",formal,06:45:04,8.0,06:45:11,8.3,schedule_aligned_to_uxsim_e2e
5,Morning Session,rb_to_wm,San Agustin Transport Service Corp.,E_optimized_transit,optimized_transit,R-G,Light,Low,4,villa_verde,Villa Verde (formal),"14.314900, 120.945000",formal,06:47:51,8.0,06:47:58,160.6,schedule_aligned_to_uxsim_e2e
5,Morning Session,rb_to_wm,San Agustin Transport Service Corp.,E_optimized_transit,optimized_transit,R-G,Light,Low,5,vista_mall,Vista Mall Dasmariñas (formal),"14.316870, 120.944150",formal,06:48:06,8.0,06:48:13,8.3,schedule_aligned_to_uxsim_e2e
5,Morning Session,rb_to_wm,San Agustin Transport Service Corp.,E_optimized_transit,optimized_transit,R-G,Light,Low,6,waltermart_int,Waltermart Dasmariñas Intersection Signal,"14.322364, 120.941649",signal,06:49:19,83.2,06:50:42,66.7,schedule_aligned_to_uxsim_e2e
5,Morning Session,rb_to_wm,San Agustin Transport Service Corp.,E_optimized_transit,optimized_transit,R-G,Light,Low,7,rcbc,RCBC Bank (informal),"14.322737, 120.941631",informal,06:50:50,8.0,06:50:57,8.3,schedule_aligned_to_uxsim_e2e
5,Morning Session,rb_to_wm,San Agustin Transport Service Corp.,E_optimized_transit,optimized_transit,R-G,Light,Low,8,waltermart,Waltermart Dasmariñas (formal bus stop),"14.324939, 120.940955",terminal_formal,06:51:32,19.0,06:51:50,35.0,schedule_aligned_to_uxsim_e2e
5,Morning Session,rb_to_wm,San Agustin Transport Service Corp.,E_optimized_transit,optimized_transit,R-R,Light,Low,0,korean_grocery,Informal stop (Korean grocery),"14.300720, 120.954320",informal,06:41:00,23.9,06:41:23,0.0,schedule_aligned_to_uxsim_e2e
5,Morning Session,rb_to_wm,San Agustin Transport Service Corp.,E_optimized_transit,optimized_transit,R-R,Light,Low,1,pala_pala,Pala-Pala Intersection Signal,"14.302125, 120.954055",signal,06:41:41,180.0,06:44:41,18.4,schedule_aligned_to_uxsim_e2e
5,Morning Session,rb_to_wm,San Agustin Transport Service Corp.,E_optimized_transit,optimized_transit,R-R,Light,Low,2,seven_eleven,7-Eleven Pala Pala (informal),"14.301972, 120.954139",informal,06:44:49,8.0,06:44:56,8.3,schedule_aligned_to_uxsim_e2e
5,Morning Session,rb_to_wm,San Agustin Transport Service Corp.,E_optimized_transit,optimized_transit,R-R,Light,Low,3,rkp_trading,RKP Trading Corporation (formal),"14.303230, 120.954053",formal,06:45:04,8.0,06:45:11,8.3,schedule_aligned_to_uxsim_e2e
5,Morning Session,rb_to_wm,San Agustin Transport Service Corp.,E_optimized_transit,optimized_transit,R-R,Light,Low,4,villa_verde,Villa Verde (formal),"14.314900, 120.945000",formal,06:47:51,8.0,06:47:58,160.6,schedule_aligned_to_uxsim_e2e
5,Morning Session,rb_to_wm,San Agustin Transport Service Corp.,E_optimized_transit,optimized_transit,R-R,Light,Low,5,vista_mall,Vista Mall Dasmariñas (formal),"14.316870, 120.944150",formal,06:48:06,8.0,06:48:13,8.3,schedule_aligned_to_uxsim_e2e
5,Morning Session,rb_to_wm,San Agustin Transport Service Corp.,E_optimized_transit,optimized_transit,R-R,Light,Low,6,waltermart_int,Waltermart Dasmariñas Intersection Signal,"14.322364, 120.941649",signal,06:49:19,60.0,06:50:19,66.7,schedule_aligned_to_uxsim_e2e
5,Morning Session,rb_to_wm,San Agustin Transport Service Corp.,E_optimized_transit,optimized_transit,R-R,Light,Low,7,rcbc,RCBC Bank (informal),"14.322737, 120.941631",informal,06:50:27,8.0,06:50:34,8.3,schedule_aligned_to_uxsim_e2e
5,Morning Session,rb_to_wm,San Agustin Transport Service Corp.,E_optimized_transit,optimized_transit,R-R,Light,Low,8,waltermart,Waltermart Dasmariñas (formal bus stop),"14.324939, 120.940955",terminal_formal,06:51:09,19.0,06:51:27,35.0,schedule_aligned_to_uxsim_e2e
6,Lunch,wm_to_rb,San Agustin Transport Service Corp.,E_optimized_transit,optimized_transit,G-G,Light,Low,0,waltermart,Waltermart Dasmariñas (formal bus stop),"14.324939, 120.940955",terminal_formal,12:07:00,22.0,12:07:22,0.0,schedule_aligned_to_uxsim_e2e
6,Lunch,wm_to_rb,San Agustin Transport Service Corp.,E_optimized_transit,optimized_transit,G-G,Light,Low,1,rcbc,RCBC Bank (informal),"14.322737, 120.941631",informal,12:07:56,8.0,12:08:04,34.7,schedule_aligned_to_uxsim_e2e
6,Lunch,wm_to_rb,San Agustin Transport Service Corp.,E_optimized_transit,optimized_transit,G-G,Light,Low,2,waltermart_int,Waltermart Dasmariñas Intersection Signal,"14.322364, 120.941649",signal,12:08:12,83.2,12:09:35,8.3,schedule_aligned_to_uxsim_e2e
6,Lunch,wm_to_rb,San Agustin Transport Service Corp.,E_optimized_transit,optimized_transit,G-G,Light,Low,3,vista_mall,Vista Mall Dasmariñas (formal),"14.316870, 120.944150",formal,12:10:41,8.0,12:10:49,66.1,schedule_aligned_to_uxsim_e2e
6,Lunch,wm_to_rb,San Agustin Transport Service Corp.,E_optimized_transit,optimized_transit,G-G,Light,Low,4,villa_verde,Villa Verde (formal),"14.314900, 120.945000",formal,12:10:57,8.0,12:11:05,8.3,schedule_aligned_to_uxsim_e2e
6,Lunch,wm_to_rb,San Agustin Transport Service Corp.,E_optimized_transit,optimized_transit,G-G,Light,Low,5,rkp_trading,RKP Trading Corporation (formal),"14.303230, 120.954053",formal,12:13:44,8.0,12:13:52,159.1,schedule_aligned_to_uxsim_e2e
6,Lunch,wm_to_rb,San Agustin Transport Service Corp.,E_optimized_transit,optimized_transit,G-G,Light,Low,6,pala_pala,Pala-Pala Intersection Signal,"14.302125, 120.954055",signal,12:14:03,83.2,12:15:26,11.2,schedule_aligned_to_uxsim_e2e
6,Lunch,wm_to_rb,San Agustin Transport Service Corp.,E_optimized_transit,optimized_transit,G-G,Light,Low,7,robinsons,Robinson Place Dasmariñas (formal bus stop),"14.300037, 120.954412",terminal_formal,12:15:56,20.8,12:16:16,30.9,schedule_aligned_to_uxsim_e2e
6,Lunch,wm_to_rb,San Agustin Transport Service Corp.,E_optimized_transit,optimized_transit,G-R,Light,Low,0,waltermart,Waltermart Dasmariñas (formal bus stop),"14.324939, 120.940955",terminal_formal,12:07:00,22.0,12:07:21,0.0,schedule_aligned_to_uxsim_e2e
6,Lunch,wm_to_rb,San Agustin Transport Service Corp.,E_optimized_transit,optimized_transit,G-R,Light,Low,1,rcbc,RCBC Bank (informal),"14.322737, 120.941631",informal,12:07:55,8.0,12:08:02,34.2,schedule_aligned_to_uxsim_e2e
6,Lunch,wm_to_rb,San Agustin Transport Service Corp.,E_optimized_transit,optimized_transit,G-R,Light,Low,2,waltermart_int,Waltermart Dasmariñas Intersection Signal,"14.322364, 120.941649",signal,12:08:10,83.2,12:09:33,8.1,schedule_aligned_to_uxsim_e2e
6,Lunch,wm_to_rb,San Agustin Transport Service Corp.,E_optimized_transit,optimized_transit,G-R,Light,Low,3,vista_mall,Vista Mall Dasmariñas (formal),"14.316870, 120.944150",formal,12:10:38,8.0,12:10:45,65.2,schedule_aligned_to_uxsim_e2e
6,Lunch,wm_to_rb,San Agustin Transport Service Corp.,E_optimized_transit,optimized_transit,G-R,Light,Low,4,villa_verde,Villa Verde (formal),"14.314900, 120.945000",formal,12:10:53,8.0,12:11:00,8.1,schedule_aligned_to_uxsim_e2e
6,Lunch,wm_to_rb,San Agustin Transport Service Corp.,E_optimized_transit,optimized_transit,G-R,Light,Low,5,rkp_trading,RKP Trading Corporation (formal),"14.303230, 120.954053",formal,12:13:36,8.0,12:13:43,156.8,schedule_aligned_to_uxsim_e2e
6,Lunch,wm_to_rb,San Agustin Transport Service Corp.,E_optimized_transit,optimized_transit,G-R,Light,Low,6,pala_pala,Pala-Pala Intersection Signal,"14.302125, 120.954055",signal,12:13:54,180.0,12:16:54,11.1,schedule_aligned_to_uxsim_e2e
6,Lunch,wm_to_rb,San Agustin Transport Service Corp.,E_optimized_transit,optimized_transit,G-R,Light,Low,7,robinsons,Robinson Place Dasmariñas (formal bus stop),"14.300037, 120.954412",terminal_formal,12:17:24,20.8,12:17:44,30.5,schedule_aligned_to_uxsim_e2e
6,Lunch,wm_to_rb,San Agustin Transport Service Corp.,E_optimized_transit,optimized_transit,R-G,Light,Low,0,waltermart,Waltermart Dasmariñas (formal bus stop),"14.324939, 120.940955",terminal_formal,12:07:00,22.0,12:07:22,0.0,schedule_aligned_to_uxsim_e2e
6,Lunch,wm_to_rb,San Agustin Transport Service Corp.,E_optimized_transit,optimized_transit,R-G,Light,Low,1,rcbc,RCBC Bank (informal),"14.322737, 120.941631",informal,12:07:59,8.0,12:08:07,37.7,schedule_aligned_to_uxsim_e2e
6,Lunch,wm_to_rb,San Agustin Transport Service Corp.,E_optimized_transit,optimized_transit,R-G,Light,Low,2,waltermart_int,Waltermart Dasmariñas Intersection Signal,"14.322364, 120.941649",signal,12:08:15,55.0,12:09:10,9.0,schedule_aligned_to_uxsim_e2e
6,Lunch,wm_to_rb,San Agustin Transport Service Corp.,E_optimized_transit,optimized_transit,R-G,Light,Low,3,vista_mall,Vista Mall Dasmariñas (formal),"14.316870, 120.944150",formal,12:10:21,8.0,12:10:29,71.9,schedule_aligned_to_uxsim_e2e
6,Lunch,wm_to_rb,San Agustin Transport Service Corp.,E_optimized_transit,optimized_transit,R-G,Light,Low,4,villa_verde,Villa Verde (formal),"14.314900, 120.945000",formal,12:10:37,8.0,12:10:45,9.0,schedule_aligned_to_uxsim_e2e
6,Lunch,wm_to_rb,San Agustin Transport Service Corp.,E_optimized_transit,optimized_transit,R-G,Light,Low,5,rkp_trading,RKP Trading Corporation (formal),"14.303230, 120.954053",formal,12:13:38,8.0,12:13:46,173.0,schedule_aligned_to_uxsim_e2e
6,Lunch,wm_to_rb,San Agustin Transport Service Corp.,E_optimized_transit,optimized_transit,R-G,Light,Low,6,pala_pala,Pala-Pala Intersection Signal,"14.302125, 120.954055",signal,12:13:58,83.2,12:15:21,12.2,schedule_aligned_to_uxsim_e2e
6,Lunch,wm_to_rb,San Agustin Transport Service Corp.,E_optimized_transit,optimized_transit,R-G,Light,Low,7,robinsons,Robinson Place Dasmariñas (formal bus stop),"14.300037, 120.954412",terminal_formal,12:15:54,20.8,12:16:14,33.6,schedule_aligned_to_uxsim_e2e
6,Lunch,wm_to_rb,San Agustin Transport Service Corp.,E_optimized_transit,optimized_transit,R-R,Light,Low,0,waltermart,Waltermart Dasmariñas (formal bus stop),"14.324939, 120.940955",terminal_formal,12:07:00,12.1,12:07:12,0.0,schedule_aligned_to_uxsim_e2e
6,Lunch,wm_to_rb,San Agustin Transport Service Corp.,E_optimized_transit,optimized_transit,R-R,Light,Low,1,rcbc,RCBC Bank (informal),"14.322737, 120.941631",informal,12:07:46,4.4,12:07:50,34.2,schedule_aligned_to_uxsim_e2e
6,Lunch,wm_to_rb,San Agustin Transport Service Corp.,E_optimized_transit,optimized_transit,R-R,Light,Low,2,waltermart_int,Waltermart Dasmariñas Intersection Signal,"14.322364, 120.941649",signal,12:07:58,55.0,12:08:53,8.1,schedule_aligned_to_uxsim_e2e
6,Lunch,wm_to_rb,San Agustin Transport Service Corp.,E_optimized_transit,optimized_transit,R-R,Light,Low,3,vista_mall,Vista Mall Dasmariñas (formal),"14.316870, 120.944150",formal,12:09:58,4.4,12:10:02,65.2,schedule_aligned_to_uxsim_e2e
6,Lunch,wm_to_rb,San Agustin Transport Service Corp.,E_optimized_transit,optimized_transit,R-R,Light,Low,4,villa_verde,Villa Verde (formal),"14.314900, 120.945000",formal,12:10:10,4.4,12:10:14,8.1,schedule_aligned_to_uxsim_e2e
6,Lunch,wm_to_rb,San Agustin Transport Service Corp.,E_optimized_transit,optimized_transit,R-R,Light,Low,5,rkp_trading,RKP Trading Corporation (formal),"14.303230, 120.954053",formal,12:12:50,4.4,12:12:54,156.8,schedule_aligned_to_uxsim_e2e
6,Lunch,wm_to_rb,San Agustin Transport Service Corp.,E_optimized_transit,optimized_transit,R-R,Light,Low,6,pala_pala,Pala-Pala Intersection Signal,"14.302125, 120.954055",signal,12:13:05,180.0,12:16:05,11.1,schedule_aligned_to_uxsim_e2e
6,Lunch,wm_to_rb,San Agustin Transport Service Corp.,E_optimized_transit,optimized_transit,R-R,Light,Low,7,robinsons,Robinson Place Dasmariñas (formal bus stop),"14.300037, 120.954412",terminal_formal,12:16:35,11.4,12:16:46,30.5,schedule_aligned_to_uxsim_e2e
7,Lunch,wm_to_rb,San Agustin Transport Service Corp.,E_optimized_transit,optimized_transit,G-G,Light,Medium,0,waltermart,Waltermart Dasmariñas (formal bus stop),"14.324939, 120.940955",terminal_formal,12:37:00,25.0,12:37:25,0.0,schedule_aligned_to_uxsim_e2e
7,Lunch,wm_to_rb,San Agustin Transport Service Corp.,E_optimized_transit,optimized_transit,G-G,Light,Medium,1,rcbc,RCBC Bank (informal),"14.322737, 120.941631",informal,12:37:59,8.0,12:38:07,34.4,schedule_aligned_to_uxsim_e2e
7,Lunch,wm_to_rb,San Agustin Transport Service Corp.,E_optimized_transit,optimized_transit,G-G,Light,Medium,2,waltermart_int,Waltermart Dasmariñas Intersection Signal,"14.322364, 120.941649",signal,12:38:15,83.2,12:39:38,8.2,schedule_aligned_to_uxsim_e2e
7,Lunch,wm_to_rb,San Agustin Transport Service Corp.,E_optimized_transit,optimized_transit,G-G,Light,Medium,3,vista_mall,Vista Mall Dasmariñas (formal),"14.316870, 120.944150",formal,12:40:43,8.0,12:40:51,65.5,schedule_aligned_to_uxsim_e2e
7,Lunch,wm_to_rb,San Agustin Transport Service Corp.,E_optimized_transit,optimized_transit,G-G,Light,Medium,4,villa_verde,Villa Verde (formal),"14.314900, 120.945000",formal,12:40:59,8.0,12:41:07,8.2,schedule_aligned_to_uxsim_e2e
7,Lunch,wm_to_rb,San Agustin Transport Service Corp.,E_optimized_transit,optimized_transit,G-G,Light,Medium,5,rkp_trading,RKP Trading Corporation (formal),"14.303230, 120.954053",formal,12:43:44,8.0,12:43:52,157.5,schedule_aligned_to_uxsim_e2e
7,Lunch,wm_to_rb,San Agustin Transport Service Corp.,E_optimized_transit,optimized_transit,G-G,Light,Medium,6,pala_pala,Pala-Pala Intersection Signal,"14.302125, 120.954055",signal,12:44:03,83.2,12:45:26,11.1,schedule_aligned_to_uxsim_e2e
7,Lunch,wm_to_rb,San Agustin Transport Service Corp.,E_optimized_transit,optimized_transit,G-G,Light,Medium,7,robinsons,Robinson Place Dasmariñas (formal bus stop),"14.300037, 120.954412",terminal_formal,12:45:56,20.8,12:46:16,30.6,schedule_aligned_to_uxsim_e2e
7,Lunch,wm_to_rb,San Agustin Transport Service Corp.,E_optimized_transit,optimized_transit,G-R,Light,Medium,0,waltermart,Waltermart Dasmariñas (formal bus stop),"14.324939, 120.940955",terminal_formal,12:37:00,25.0,12:37:24,0.0,schedule_aligned_to_uxsim_e2e
7,Lunch,wm_to_rb,San Agustin Transport Service Corp.,E_optimized_transit,optimized_transit,G-R,Light,Medium,1,rcbc,RCBC Bank (informal),"14.322737, 120.941631",informal,12:37:58,8.0,12:38:05,34.2,schedule_aligned_to_uxsim_e2e
7,Lunch,wm_to_rb,San Agustin Transport Service Corp.,E_optimized_transit,optimized_transit,G-R,Light,Medium,2,waltermart_int,Waltermart Dasmariñas Intersection Signal,"14.322364, 120.941649",signal,12:38:13,83.2,12:39:36,8.1,schedule_aligned_to_uxsim_e2e
7,Lunch,wm_to_rb,San Agustin Transport Service Corp.,E_optimized_transit,optimized_transit,G-R,Light,Medium,3,vista_mall,Vista Mall Dasmariñas (formal),"14.316870, 120.944150",formal,12:40:41,8.0,12:40:48,65.2,schedule_aligned_to_uxsim_e2e
7,Lunch,wm_to_rb,San Agustin Transport Service Corp.,E_optimized_transit,optimized_transit,G-R,Light,Medium,4,villa_verde,Villa Verde (formal),"14.314900, 120.945000",formal,12:40:56,8.0,12:41:03,8.1,schedule_aligned_to_uxsim_e2e
7,Lunch,wm_to_rb,San Agustin Transport Service Corp.,E_optimized_transit,optimized_transit,G-R,Light,Medium,5,rkp_trading,RKP Trading Corporation (formal),"14.303230, 120.954053",formal,12:43:39,8.0,12:43:46,156.8,schedule_aligned_to_uxsim_e2e
7,Lunch,wm_to_rb,San Agustin Transport Service Corp.,E_optimized_transit,optimized_transit,G-R,Light,Medium,6,pala_pala,Pala-Pala Intersection Signal,"14.302125, 120.954055",signal,12:43:57,180.0,12:46:57,11.1,schedule_aligned_to_uxsim_e2e
7,Lunch,wm_to_rb,San Agustin Transport Service Corp.,E_optimized_transit,optimized_transit,G-R,Light,Medium,7,robinsons,Robinson Place Dasmariñas (formal bus stop),"14.300037, 120.954412",terminal_formal,12:47:27,20.8,12:47:47,30.5,schedule_aligned_to_uxsim_e2e
7,Lunch,wm_to_rb,San Agustin Transport Service Corp.,E_optimized_transit,optimized_transit,R-G,Light,Medium,0,waltermart,Waltermart Dasmariñas (formal bus stop),"14.324939, 120.940955",terminal_formal,12:37:00,25.0,12:37:25,0.0,schedule_aligned_to_uxsim_e2e
7,Lunch,wm_to_rb,San Agustin Transport Service Corp.,E_optimized_transit,optimized_transit,R-G,Light,Medium,1,rcbc,RCBC Bank (informal),"14.322737, 120.941631",informal,12:38:02,8.0,12:38:10,37.4,schedule_aligned_to_uxsim_e2e
7,Lunch,wm_to_rb,San Agustin Transport Service Corp.,E_optimized_transit,optimized_transit,R-G,Light,Medium,2,waltermart_int,Waltermart Dasmariñas Intersection Signal,"14.322364, 120.941649",signal,12:38:18,55.0,12:39:13,8.9,schedule_aligned_to_uxsim_e2e
7,Lunch,wm_to_rb,San Agustin Transport Service Corp.,E_optimized_transit,optimized_transit,R-G,Light,Medium,3,vista_mall,Vista Mall Dasmariñas (formal),"14.316870, 120.944150",formal,12:40:24,8.0,12:40:32,71.3,schedule_aligned_to_uxsim_e2e
7,Lunch,wm_to_rb,San Agustin Transport Service Corp.,E_optimized_transit,optimized_transit,R-G,Light,Medium,4,villa_verde,Villa Verde (formal),"14.314900, 120.945000",formal,12:40:40,8.0,12:40:48,8.9,schedule_aligned_to_uxsim_e2e
7,Lunch,wm_to_rb,San Agustin Transport Service Corp.,E_optimized_transit,optimized_transit,R-G,Light,Medium,5,rkp_trading,RKP Trading Corporation (formal),"14.303230, 120.954053",formal,12:43:39,8.0,12:43:47,171.5,schedule_aligned_to_uxsim_e2e
7,Lunch,wm_to_rb,San Agustin Transport Service Corp.,E_optimized_transit,optimized_transit,R-G,Light,Medium,6,pala_pala,Pala-Pala Intersection Signal,"14.302125, 120.954055",signal,12:43:59,83.2,12:45:22,12.1,schedule_aligned_to_uxsim_e2e
7,Lunch,wm_to_rb,San Agustin Transport Service Corp.,E_optimized_transit,optimized_transit,R-G,Light,Medium,7,robinsons,Robinson Place Dasmariñas (formal bus stop),"14.300037, 120.954412",terminal_formal,12:45:55,20.8,12:46:15,33.3,schedule_aligned_to_uxsim_e2e
7,Lunch,wm_to_rb,San Agustin Transport Service Corp.,E_optimized_transit,optimized_transit,R-R,Light,Medium,0,waltermart,Waltermart Dasmariñas (formal bus stop),"14.324939, 120.940955",terminal_formal,12:37:00,13.8,12:37:13,0.0,schedule_aligned_to_uxsim_e2e
7,Lunch,wm_to_rb,San Agustin Transport Service Corp.,E_optimized_transit,optimized_transit,R-R,Light,Medium,1,rcbc,RCBC Bank (informal),"14.322737, 120.941631",informal,12:37:47,4.4,12:37:51,34.2,schedule_aligned_to_uxsim_e2e
7,Lunch,wm_to_rb,San Agustin Transport Service Corp.,E_optimized_transit,optimized_transit,R-R,Light,Medium,2,waltermart_int,Waltermart Dasmariñas Intersection Signal,"14.322364, 120.941649",signal,12:37:59,55.0,12:38:54,8.1,schedule_aligned_to_uxsim_e2e
7,Lunch,wm_to_rb,San Agustin Transport Service Corp.,E_optimized_transit,optimized_transit,R-R,Light,Medium,3,vista_mall,Vista Mall Dasmariñas (formal),"14.316870, 120.944150",formal,12:39:59,4.4,12:40:03,65.2,schedule_aligned_to_uxsim_e2e
7,Lunch,wm_to_rb,San Agustin Transport Service Corp.,E_optimized_transit,optimized_transit,R-R,Light,Medium,4,villa_verde,Villa Verde (formal),"14.314900, 120.945000",formal,12:40:11,4.4,12:40:15,8.1,schedule_aligned_to_uxsim_e2e
7,Lunch,wm_to_rb,San Agustin Transport Service Corp.,E_optimized_transit,optimized_transit,R-R,Light,Medium,5,rkp_trading,RKP Trading Corporation (formal),"14.303230, 120.954053",formal,12:42:51,4.4,12:42:55,156.8,schedule_aligned_to_uxsim_e2e
7,Lunch,wm_to_rb,San Agustin Transport Service Corp.,E_optimized_transit,optimized_transit,R-R,Light,Medium,6,pala_pala,Pala-Pala Intersection Signal,"14.302125, 120.954055",signal,12:43:06,180.0,12:46:06,11.1,schedule_aligned_to_uxsim_e2e
7,Lunch,wm_to_rb,San Agustin Transport Service Corp.,E_optimized_transit,optimized_transit,R-R,Light,Medium,7,robinsons,Robinson Place Dasmariñas (formal bus stop),"14.300037, 120.954412",terminal_formal,12:46:36,11.4,12:46:47,30.5,schedule_aligned_to_uxsim_e2e
8,Afternoon Session,rb_to_wm,San Agustin Transport Service Corp.,E_optimized_transit,optimized_transit,G-G,Heavy,High,0,korean_grocery,Informal stop (Korean grocery),"14.300720, 120.954320",informal,16:07:00,53.0,16:07:53,0.0,schedule_aligned_to_uxsim_e2e
8,Afternoon Session,rb_to_wm,San Agustin Transport Service Corp.,E_optimized_transit,optimized_transit,G-G,Heavy,High,1,pala_pala,Pala-Pala Intersection Signal,"14.302125, 120.954055",signal,16:08:26,330.3,16:13:56,33.7,schedule_aligned_to_uxsim_e2e
8,Afternoon Session,rb_to_wm,San Agustin Transport Service Corp.,E_optimized_transit,optimized_transit,G-G,Heavy,High,2,seven_eleven,7-Eleven Pala Pala (informal),"14.301972, 120.954139",informal,16:14:11,28.2,16:14:39,15.3,schedule_aligned_to_uxsim_e2e
8,Afternoon Session,rb_to_wm,San Agustin Transport Service Corp.,E_optimized_transit,optimized_transit,G-G,Heavy,High,3,rkp_trading,RKP Trading Corporation (formal),"14.303230, 120.954053",formal,16:14:54,38.1,16:15:32,15.3,schedule_aligned_to_uxsim_e2e
8,Afternoon Session,rb_to_wm,San Agustin Transport Service Corp.,E_optimized_transit,optimized_transit,G-G,Heavy,High,4,villa_verde,Villa Verde (formal),"14.314900, 120.945000",formal,16:22:38,38.1,16:23:16,426.4,schedule_aligned_to_uxsim_e2e
8,Afternoon Session,rb_to_wm,San Agustin Transport Service Corp.,E_optimized_transit,optimized_transit,G-G,Heavy,High,5,vista_mall,Vista Mall Dasmariñas (formal),"14.316870, 120.944150",formal,16:23:31,38.1,16:24:09,15.3,schedule_aligned_to_uxsim_e2e
8,Afternoon Session,rb_to_wm,San Agustin Transport Service Corp.,E_optimized_transit,optimized_transit,G-G,Heavy,High,6,waltermart_int,Waltermart Dasmariñas Intersection Signal,"14.322364, 120.941649",signal,16:26:51,330.3,16:32:21,162.9,schedule_aligned_to_uxsim_e2e
8,Afternoon Session,rb_to_wm,San Agustin Transport Service Corp.,E_optimized_transit,optimized_transit,G-G,Heavy,High,7,rcbc,RCBC Bank (informal),"14.322737, 120.941631",informal,16:32:36,28.2,16:33:04,15.3,schedule_aligned_to_uxsim_e2e
8,Afternoon Session,rb_to_wm,San Agustin Transport Service Corp.,E_optimized_transit,optimized_transit,G-G,Heavy,High,8,waltermart,Waltermart Dasmariñas (formal bus stop),"14.324939, 120.940955",terminal_formal,16:34:08,38.1,16:34:46,64.3,schedule_aligned_to_uxsim_e2e
8,Afternoon Session,rb_to_wm,San Agustin Transport Service Corp.,E_optimized_transit,optimized_transit,G-R,Heavy,High,0,korean_grocery,Informal stop (Korean grocery),"14.300720, 120.954320",informal,16:07:00,53.0,16:07:53,0.0,schedule_aligned_to_uxsim_e2e
8,Afternoon Session,rb_to_wm,San Agustin Transport Service Corp.,E_optimized_transit,optimized_transit,G-R,Heavy,High,1,pala_pala,Pala-Pala Intersection Signal,"14.302125, 120.954055",signal,16:08:34,330.3,16:14:04,41.4,schedule_aligned_to_uxsim_e2e
8,Afternoon Session,rb_to_wm,San Agustin Transport Service Corp.,E_optimized_transit,optimized_transit,G-R,Heavy,High,2,seven_eleven,7-Eleven Pala Pala (informal),"14.301972, 120.954139",informal,16:14:22,28.2,16:14:50,18.8,schedule_aligned_to_uxsim_e2e
8,Afternoon Session,rb_to_wm,San Agustin Transport Service Corp.,E_optimized_transit,optimized_transit,G-R,Heavy,High,3,rkp_trading,RKP Trading Corporation (formal),"14.303230, 120.954053",formal,16:15:08,38.1,16:15:46,18.8,schedule_aligned_to_uxsim_e2e
8,Afternoon Session,rb_to_wm,San Agustin Transport Service Corp.,E_optimized_transit,optimized_transit,G-R,Heavy,High,4,villa_verde,Villa Verde (formal),"14.314900, 120.945000",formal,16:24:30,38.1,16:25:08,524.6,schedule_aligned_to_uxsim_e2e
8,Afternoon Session,rb_to_wm,San Agustin Transport Service Corp.,E_optimized_transit,optimized_transit,G-R,Heavy,High,5,vista_mall,Vista Mall Dasmariñas (formal),"14.316870, 120.944150",formal,16:25:26,38.1,16:26:04,18.8,schedule_aligned_to_uxsim_e2e
8,Afternoon Session,rb_to_wm,San Agustin Transport Service Corp.,E_optimized_transit,optimized_transit,G-R,Heavy,High,6,waltermart_int,Waltermart Dasmariñas Intersection Signal,"14.322364, 120.941649",signal,16:29:24,157.8,16:32:01,200.5,schedule_aligned_to_uxsim_e2e
8,Afternoon Session,rb_to_wm,San Agustin Transport Service Corp.,E_optimized_transit,optimized_transit,G-R,Heavy,High,7,rcbc,RCBC Bank (informal),"14.322737, 120.941631",informal,16:32:19,28.2,16:32:47,18.8,schedule_aligned_to_uxsim_e2e
8,Afternoon Session,rb_to_wm,San Agustin Transport Service Corp.,E_optimized_transit,optimized_transit,G-R,Heavy,High,8,waltermart,Waltermart Dasmariñas (formal bus stop),"14.324939, 120.940955",terminal_formal,16:34:06,38.1,16:34:44,79.1,schedule_aligned_to_uxsim_e2e
8,Afternoon Session,rb_to_wm,San Agustin Transport Service Corp.,E_optimized_transit,optimized_transit,R-G,Heavy,High,0,korean_grocery,Informal stop (Korean grocery),"14.300720, 120.954320",informal,16:07:00,53.0,16:07:53,0.0,schedule_aligned_to_uxsim_e2e
8,Afternoon Session,rb_to_wm,San Agustin Transport Service Corp.,E_optimized_transit,optimized_transit,R-G,Heavy,High,1,pala_pala,Pala-Pala Intersection Signal,"14.302125, 120.954055",signal,16:08:27,302.8,16:13:29,34.9,schedule_aligned_to_uxsim_e2e
8,Afternoon Session,rb_to_wm,San Agustin Transport Service Corp.,E_optimized_transit,optimized_transit,R-G,Heavy,High,2,seven_eleven,7-Eleven Pala Pala (informal),"14.301972, 120.954139",informal,16:13:44,28.2,16:14:12,15.9,schedule_aligned_to_uxsim_e2e
8,Afternoon Session,rb_to_wm,San Agustin Transport Service Corp.,E_optimized_transit,optimized_transit,R-G,Heavy,High,3,rkp_trading,RKP Trading Corporation (formal),"14.303230, 120.954053",formal,16:14:27,38.1,16:15:05,15.9,schedule_aligned_to_uxsim_e2e
8,Afternoon Session,rb_to_wm,San Agustin Transport Service Corp.,E_optimized_transit,optimized_transit,R-G,Heavy,High,4,villa_verde,Villa Verde (formal),"14.314900, 120.945000",formal,16:22:27,38.1,16:23:05,442.1,schedule_aligned_to_uxsim_e2e
8,Afternoon Session,rb_to_wm,San Agustin Transport Service Corp.,E_optimized_transit,optimized_transit,R-G,Heavy,High,5,vista_mall,Vista Mall Dasmariñas (formal),"14.316870, 120.944150",formal,16:23:20,38.1,16:23:58,15.9,schedule_aligned_to_uxsim_e2e
8,Afternoon Session,rb_to_wm,San Agustin Transport Service Corp.,E_optimized_transit,optimized_transit,R-G,Heavy,High,6,waltermart_int,Waltermart Dasmariñas Intersection Signal,"14.322364, 120.941649",signal,16:26:46,330.3,16:32:16,169.0,schedule_aligned_to_uxsim_e2e
8,Afternoon Session,rb_to_wm,San Agustin Transport Service Corp.,E_optimized_transit,optimized_transit,R-G,Heavy,High,7,rcbc,RCBC Bank (informal),"14.322737, 120.941631",informal,16:32:31,28.2,16:32:59,15.9,schedule_aligned_to_uxsim_e2e
8,Afternoon Session,rb_to_wm,San Agustin Transport Service Corp.,E_optimized_transit,optimized_transit,R-G,Heavy,High,8,waltermart,Waltermart Dasmariñas (formal bus stop),"14.324939, 120.940955",terminal_formal,16:34:05,38.1,16:34:43,66.6,schedule_aligned_to_uxsim_e2e
8,Afternoon Session,rb_to_wm,San Agustin Transport Service Corp.,E_optimized_transit,optimized_transit,R-R,Heavy,High,0,korean_grocery,Informal stop (Korean grocery),"14.300720, 120.954320",informal,16:07:00,53.0,16:07:53,0.0,schedule_aligned_to_uxsim_e2e
8,Afternoon Session,rb_to_wm,San Agustin Transport Service Corp.,E_optimized_transit,optimized_transit,R-R,Heavy,High,1,pala_pala,Pala-Pala Intersection Signal,"14.302125, 120.954055",signal,16:08:35,302.8,16:13:37,42.7,schedule_aligned_to_uxsim_e2e
8,Afternoon Session,rb_to_wm,San Agustin Transport Service Corp.,E_optimized_transit,optimized_transit,R-R,Heavy,High,2,seven_eleven,7-Eleven Pala Pala (informal),"14.301972, 120.954139",informal,16:13:56,28.2,16:14:24,19.4,schedule_aligned_to_uxsim_e2e
8,Afternoon Session,rb_to_wm,San Agustin Transport Service Corp.,E_optimized_transit,optimized_transit,R-R,Heavy,High,3,rkp_trading,RKP Trading Corporation (formal),"14.303230, 120.954053",formal,16:14:43,38.1,16:15:21,19.4,schedule_aligned_to_uxsim_e2e
8,Afternoon Session,rb_to_wm,San Agustin Transport Service Corp.,E_optimized_transit,optimized_transit,R-R,Heavy,High,4,villa_verde,Villa Verde (formal),"14.314900, 120.945000",formal,16:24:21,38.1,16:24:59,540.4,schedule_aligned_to_uxsim_e2e
8,Afternoon Session,rb_to_wm,San Agustin Transport Service Corp.,E_optimized_transit,optimized_transit,R-R,Heavy,High,5,vista_mall,Vista Mall Dasmariñas (formal),"14.316870, 120.944150",formal,16:25:18,38.1,16:25:56,19.4,schedule_aligned_to_uxsim_e2e
8,Afternoon Session,rb_to_wm,San Agustin Transport Service Corp.,E_optimized_transit,optimized_transit,R-R,Heavy,High,6,waltermart_int,Waltermart Dasmariñas Intersection Signal,"14.322364, 120.941649",signal,16:29:22,157.8,16:31:59,206.5,schedule_aligned_to_uxsim_e2e
8,Afternoon Session,rb_to_wm,San Agustin Transport Service Corp.,E_optimized_transit,optimized_transit,R-R,Heavy,High,7,rcbc,RCBC Bank (informal),"14.322737, 120.941631",informal,16:32:18,28.2,16:32:46,19.4,schedule_aligned_to_uxsim_e2e
8,Afternoon Session,rb_to_wm,San Agustin Transport Service Corp.,E_optimized_transit,optimized_transit,R-R,Heavy,High,8,waltermart,Waltermart Dasmariñas (formal bus stop),"14.324939, 120.940955",terminal_formal,16:34:07,38.1,16:34:45,81.4,schedule_aligned_to_uxsim_e2e
9,Afternoon Session,rb_to_wm,San Agustin Transport Service Corp.,E_optimized_transit,optimized_transit,G-G,Heavy,High,0,korean_grocery,Informal stop (Korean grocery),"14.300720, 120.954320",informal,16:41:00,49.0,16:41:49,0.0,schedule_aligned_to_uxsim_e2e
9,Afternoon Session,rb_to_wm,San Agustin Transport Service Corp.,E_optimized_transit,optimized_transit,G-G,Heavy,High,1,pala_pala,Pala-Pala Intersection Signal,"14.302125, 120.954055",signal,16:42:22,330.3,16:47:52,33.8,schedule_aligned_to_uxsim_e2e
9,Afternoon Session,rb_to_wm,San Agustin Transport Service Corp.,E_optimized_transit,optimized_transit,G-G,Heavy,High,2,seven_eleven,7-Eleven Pala Pala (informal),"14.301972, 120.954139",informal,16:48:07,28.2,16:48:35,15.4,schedule_aligned_to_uxsim_e2e
9,Afternoon Session,rb_to_wm,San Agustin Transport Service Corp.,E_optimized_transit,optimized_transit,G-G,Heavy,High,3,rkp_trading,RKP Trading Corporation (formal),"14.303230, 120.954053",formal,16:48:50,38.1,16:49:28,15.4,schedule_aligned_to_uxsim_e2e
9,Afternoon Session,rb_to_wm,San Agustin Transport Service Corp.,E_optimized_transit,optimized_transit,G-G,Heavy,High,4,villa_verde,Villa Verde (formal),"14.314900, 120.945000",formal,16:56:36,38.1,16:57:14,428.6,schedule_aligned_to_uxsim_e2e
9,Afternoon Session,rb_to_wm,San Agustin Transport Service Corp.,E_optimized_transit,optimized_transit,G-G,Heavy,High,5,vista_mall,Vista Mall Dasmariñas (formal),"14.316870, 120.944150",formal,16:57:29,38.1,16:58:07,15.4,schedule_aligned_to_uxsim_e2e
9,Afternoon Session,rb_to_wm,San Agustin Transport Service Corp.,E_optimized_transit,optimized_transit,G-G,Heavy,High,6,waltermart_int,Waltermart Dasmariñas Intersection Signal,"14.322364, 120.941649",signal,17:00:50,330.3,17:06:20,163.8,schedule_aligned_to_uxsim_e2e
9,Afternoon Session,rb_to_wm,San Agustin Transport Service Corp.,E_optimized_transit,optimized_transit,G-G,Heavy,High,7,rcbc,RCBC Bank (informal),"14.322737, 120.941631",informal,17:06:35,28.2,17:07:03,15.4,schedule_aligned_to_uxsim_e2e
9,Afternoon Session,rb_to_wm,San Agustin Transport Service Corp.,E_optimized_transit,optimized_transit,G-G,Heavy,High,8,waltermart,Waltermart Dasmariñas (formal bus stop),"14.324939, 120.940955",terminal_formal,17:08:07,38.1,17:08:45,64.6,schedule_aligned_to_uxsim_e2e
9,Afternoon Session,rb_to_wm,San Agustin Transport Service Corp.,E_optimized_transit,optimized_transit,G-R,Heavy,High,0,korean_grocery,Informal stop (Korean grocery),"14.300720, 120.954320",informal,16:41:00,49.0,16:41:49,0.0,schedule_aligned_to_uxsim_e2e
9,Afternoon Session,rb_to_wm,San Agustin Transport Service Corp.,E_optimized_transit,optimized_transit,G-R,Heavy,High,1,pala_pala,Pala-Pala Intersection Signal,"14.302125, 120.954055",signal,16:42:30,330.3,16:48:00,41.6,schedule_aligned_to_uxsim_e2e
9,Afternoon Session,rb_to_wm,San Agustin Transport Service Corp.,E_optimized_transit,optimized_transit,G-R,Heavy,High,2,seven_eleven,7-Eleven Pala Pala (informal),"14.301972, 120.954139",informal,16:48:18,28.2,16:48:46,18.9,schedule_aligned_to_uxsim_e2e
9,Afternoon Session,rb_to_wm,San Agustin Transport Service Corp.,E_optimized_transit,optimized_transit,G-R,Heavy,High,3,rkp_trading,RKP Trading Corporation (formal),"14.303230, 120.954053",formal,16:49:04,38.1,16:49:42,18.9,schedule_aligned_to_uxsim_e2e
9,Afternoon Session,rb_to_wm,San Agustin Transport Service Corp.,E_optimized_transit,optimized_transit,G-R,Heavy,High,4,villa_verde,Villa Verde (formal),"14.314900, 120.945000",formal,16:58:28,38.1,16:59:06,526.9,schedule_aligned_to_uxsim_e2e
9,Afternoon Session,rb_to_wm,San Agustin Transport Service Corp.,E_optimized_transit,optimized_transit,G-R,Heavy,High,5,vista_mall,Vista Mall Dasmariñas (formal),"14.316870, 120.944150",formal,16:59:24,38.1,17:00:02,18.9,schedule_aligned_to_uxsim_e2e
9,Afternoon Session,rb_to_wm,San Agustin Transport Service Corp.,E_optimized_transit,optimized_transit,G-R,Heavy,High,6,waltermart_int,Waltermart Dasmariñas Intersection Signal,"14.322364, 120.941649",signal,17:03:23,157.8,17:06:00,201.4,schedule_aligned_to_uxsim_e2e
9,Afternoon Session,rb_to_wm,San Agustin Transport Service Corp.,E_optimized_transit,optimized_transit,G-R,Heavy,High,7,rcbc,RCBC Bank (informal),"14.322737, 120.941631",informal,17:06:18,28.2,17:06:46,18.9,schedule_aligned_to_uxsim_e2e
9,Afternoon Session,rb_to_wm,San Agustin Transport Service Corp.,E_optimized_transit,optimized_transit,G-R,Heavy,High,8,waltermart,Waltermart Dasmariñas (formal bus stop),"14.324939, 120.940955",terminal_formal,17:08:05,38.1,17:08:43,79.4,schedule_aligned_to_uxsim_e2e
9,Afternoon Session,rb_to_wm,San Agustin Transport Service Corp.,E_optimized_transit,optimized_transit,R-G,Heavy,High,0,korean_grocery,Informal stop (Korean grocery),"14.300720, 120.954320",informal,16:41:00,49.0,16:41:49,0.0,schedule_aligned_to_uxsim_e2e
9,Afternoon Session,rb_to_wm,San Agustin Transport Service Corp.,E_optimized_transit,optimized_transit,R-G,Heavy,High,1,pala_pala,Pala-Pala Intersection Signal,"14.302125, 120.954055",signal,16:42:24,302.8,16:47:26,35.1,schedule_aligned_to_uxsim_e2e
9,Afternoon Session,rb_to_wm,San Agustin Transport Service Corp.,E_optimized_transit,optimized_transit,R-G,Heavy,High,2,seven_eleven,7-Eleven Pala Pala (informal),"14.301972, 120.954139",informal,16:47:41,28.2,16:48:09,15.9,schedule_aligned_to_uxsim_e2e
9,Afternoon Session,rb_to_wm,San Agustin Transport Service Corp.,E_optimized_transit,optimized_transit,R-G,Heavy,High,3,rkp_trading,RKP Trading Corporation (formal),"14.303230, 120.954053",formal,16:48:24,38.1,16:49:02,15.9,schedule_aligned_to_uxsim_e2e
9,Afternoon Session,rb_to_wm,San Agustin Transport Service Corp.,E_optimized_transit,optimized_transit,R-G,Heavy,High,4,villa_verde,Villa Verde (formal),"14.314900, 120.945000",formal,16:56:26,38.1,16:57:04,444.2,schedule_aligned_to_uxsim_e2e
9,Afternoon Session,rb_to_wm,San Agustin Transport Service Corp.,E_optimized_transit,optimized_transit,R-G,Heavy,High,5,vista_mall,Vista Mall Dasmariñas (formal),"14.316870, 120.944150",formal,16:57:19,38.1,16:57:57,15.9,schedule_aligned_to_uxsim_e2e
9,Afternoon Session,rb_to_wm,San Agustin Transport Service Corp.,E_optimized_transit,optimized_transit,R-G,Heavy,High,6,waltermart_int,Waltermart Dasmariñas Intersection Signal,"14.322364, 120.941649",signal,17:00:46,330.3,17:06:16,169.8,schedule_aligned_to_uxsim_e2e
9,Afternoon Session,rb_to_wm,San Agustin Transport Service Corp.,E_optimized_transit,optimized_transit,R-G,Heavy,High,7,rcbc,RCBC Bank (informal),"14.322737, 120.941631",informal,17:06:31,28.2,17:06:59,15.9,schedule_aligned_to_uxsim_e2e
9,Afternoon Session,rb_to_wm,San Agustin Transport Service Corp.,E_optimized_transit,optimized_transit,R-G,Heavy,High,8,waltermart,Waltermart Dasmariñas (formal bus stop),"14.324939, 120.940955",terminal_formal,17:08:05,38.1,17:08:43,66.9,schedule_aligned_to_uxsim_e2e
9,Afternoon Session,rb_to_wm,San Agustin Transport Service Corp.,E_optimized_transit,optimized_transit,R-R,Heavy,High,0,korean_grocery,Informal stop (Korean grocery),"14.300720, 120.954320",informal,16:41:00,49.0,16:41:49,0.0,schedule_aligned_to_uxsim_e2e
9,Afternoon Session,rb_to_wm,San Agustin Transport Service Corp.,E_optimized_transit,optimized_transit,R-R,Heavy,High,1,pala_pala,Pala-Pala Intersection Signal,"14.302125, 120.954055",signal,16:42:31,302.8,16:47:33,42.8,schedule_aligned_to_uxsim_e2e
9,Afternoon Session,rb_to_wm,San Agustin Transport Service Corp.,E_optimized_transit,optimized_transit,R-R,Heavy,High,2,seven_eleven,7-Eleven Pala Pala (informal),"14.301972, 120.954139",informal,16:47:52,28.2,16:48:20,19.5,schedule_aligned_to_uxsim_e2e
9,Afternoon Session,rb_to_wm,San Agustin Transport Service Corp.,E_optimized_transit,optimized_transit,R-R,Heavy,High,3,rkp_trading,RKP Trading Corporation (formal),"14.303230, 120.954053",formal,16:48:39,38.1,16:49:17,19.5,schedule_aligned_to_uxsim_e2e
9,Afternoon Session,rb_to_wm,San Agustin Transport Service Corp.,E_optimized_transit,optimized_transit,R-R,Heavy,High,4,villa_verde,Villa Verde (formal),"14.314900, 120.945000",formal,16:58:19,38.1,16:58:57,542.7,schedule_aligned_to_uxsim_e2e
9,Afternoon Session,rb_to_wm,San Agustin Transport Service Corp.,E_optimized_transit,optimized_transit,R-R,Heavy,High,5,vista_mall,Vista Mall Dasmariñas (formal),"14.316870, 120.944150",formal,16:59:16,38.1,16:59:54,19.5,schedule_aligned_to_uxsim_e2e
9,Afternoon Session,rb_to_wm,San Agustin Transport Service Corp.,E_optimized_transit,optimized_transit,R-R,Heavy,High,6,waltermart_int,Waltermart Dasmariñas Intersection Signal,"14.322364, 120.941649",signal,17:03:21,157.8,17:05:58,207.4,schedule_aligned_to_uxsim_e2e
9,Afternoon Session,rb_to_wm,San Agustin Transport Service Corp.,E_optimized_transit,optimized_transit,R-R,Heavy,High,7,rcbc,RCBC Bank (informal),"14.322737, 120.941631",informal,17:06:17,28.2,17:06:45,19.5,schedule_aligned_to_uxsim_e2e
9,Afternoon Session,rb_to_wm,San Agustin Transport Service Corp.,E_optimized_transit,optimized_transit,R-R,Heavy,High,8,waltermart,Waltermart Dasmariñas (formal bus stop),"14.324939, 120.940955",terminal_formal,17:08:06,38.1,17:08:44,81.8,schedule_aligned_to_uxsim_e2e
